# ************************************************************
# Sequel Pro SQL dump
# Version 4541
#
# http://www.sequelpro.com/
# https://github.com/sequelpro/sequelpro
#
# Host: 127.0.0.1 (MySQL 5.7.21)
# Database: LaravelECommerceRestfulAPI_db
# Generation Time: 2018-04-19 10:51:17 +0000
# ************************************************************


/*!40101 SET @OLD_CHARACTER_SET_CLIENT=@@CHARACTER_SET_CLIENT */;
/*!40101 SET @OLD_CHARACTER_SET_RESULTS=@@CHARACTER_SET_RESULTS */;
/*!40101 SET @OLD_COLLATION_CONNECTION=@@COLLATION_CONNECTION */;
/*!40101 SET NAMES utf8 */;
/*!40014 SET @OLD_FOREIGN_KEY_CHECKS=@@FOREIGN_KEY_CHECKS, FOREIGN_KEY_CHECKS=0 */;
/*!40101 SET @OLD_SQL_MODE=@@SQL_MODE, SQL_MODE='NO_AUTO_VALUE_ON_ZERO' */;
/*!40111 SET @OLD_SQL_NOTES=@@SQL_NOTES, SQL_NOTES=0 */;


# Dump of table migrations
# ------------------------------------------------------------

DROP TABLE IF EXISTS `migrations`;

CREATE TABLE `migrations` (
  `id` int(10) unsigned NOT NULL AUTO_INCREMENT,
  `migration` varchar(255) COLLATE utf8mb4_unicode_ci NOT NULL,
  `batch` int(11) NOT NULL,
  PRIMARY KEY (`id`)
) ENGINE=InnoDB DEFAULT CHARSET=utf8mb4 COLLATE=utf8mb4_unicode_ci;

LOCK TABLES `migrations` WRITE;
/*!40000 ALTER TABLE `migrations` DISABLE KEYS */;

INSERT INTO `migrations` (`id`, `migration`, `batch`)
VALUES
	(1,'2014_10_12_000000_create_users_table',1),
	(2,'2014_10_12_100000_create_password_resets_table',1),
	(3,'2018_04_19_094843_create_products_table',1),
	(4,'2018_04_19_094853_create_reviews_table',1);

/*!40000 ALTER TABLE `migrations` ENABLE KEYS */;
UNLOCK TABLES;


# Dump of table password_resets
# ------------------------------------------------------------

DROP TABLE IF EXISTS `password_resets`;

CREATE TABLE `password_resets` (
  `email` varchar(255) COLLATE utf8mb4_unicode_ci NOT NULL,
  `token` varchar(255) COLLATE utf8mb4_unicode_ci NOT NULL,
  `created_at` timestamp NULL DEFAULT NULL,
  KEY `password_resets_email_index` (`email`)
) ENGINE=InnoDB DEFAULT CHARSET=utf8mb4 COLLATE=utf8mb4_unicode_ci;



# Dump of table products
# ------------------------------------------------------------

DROP TABLE IF EXISTS `products`;

CREATE TABLE `products` (
  `id` int(10) unsigned NOT NULL AUTO_INCREMENT,
  `name` varchar(255) COLLATE utf8mb4_unicode_ci NOT NULL,
  `detail` text COLLATE utf8mb4_unicode_ci NOT NULL,
  `price` int(11) NOT NULL,
  `stock` int(11) NOT NULL,
  `discount` int(11) NOT NULL,
  `created_at` timestamp NULL DEFAULT NULL,
  `updated_at` timestamp NULL DEFAULT NULL,
  PRIMARY KEY (`id`)
) ENGINE=InnoDB DEFAULT CHARSET=utf8mb4 COLLATE=utf8mb4_unicode_ci;

LOCK TABLES `products` WRITE;
/*!40000 ALTER TABLE `products` DISABLE KEYS */;

INSERT INTO `products` (`id`, `name`, `detail`, `price`, `stock`, `discount`, `created_at`, `updated_at`)
VALUES
	(1,'et','Voluptas et reiciendis pariatur accusamus quo. Nihil aut cumque omnis odit libero. Placeat quia enim voluptates tempora officiis quia impedit. Voluptatem voluptate officiis ut nulla et.',111,6,33,'2018-04-19 10:48:01','2018-04-19 10:48:01'),
	(2,'voluptatem','Laudantium aut sed ab. Et expedita omnis laudantium ratione deserunt. Culpa velit quia quaerat commodi iure illo consectetur.',721,7,13,'2018-04-19 10:48:01','2018-04-19 10:48:01'),
	(3,'unde','Voluptatum aspernatur veritatis sunt enim consectetur dolorem. Et a dolore quidem nisi. Unde nihil hic ab non. Consequatur quia quod voluptates ut. Vel architecto et neque ut ipsam distinctio.',341,2,41,'2018-04-19 10:48:01','2018-04-19 10:48:01'),
	(4,'sed','Soluta perferendis blanditiis quo aspernatur et molestiae. Occaecati molestias ullam et architecto. Enim natus nihil dolores aliquid et vero et animi. Itaque asperiores error similique in impedit ipsa repudiandae.',861,4,27,'2018-04-19 10:48:01','2018-04-19 10:48:01'),
	(5,'quisquam','Quos vitae excepturi molestias repellat facilis. Soluta non beatae et ut deserunt quis non. Ut et dolorum corrupti quam. Nesciunt a harum amet numquam.',944,2,13,'2018-04-19 10:48:01','2018-04-19 10:48:01'),
	(6,'mollitia','Et aliquid quidem ut qui aliquid. Modi porro eligendi aperiam. Et omnis tenetur aut eum provident.',675,2,23,'2018-04-19 10:48:01','2018-04-19 10:48:01'),
	(7,'quis','Maiores fugit necessitatibus voluptatibus nobis quia. Earum culpa nostrum a. Repellendus sunt blanditiis autem doloremque. Vel debitis et voluptatum sit et est nulla.',196,1,45,'2018-04-19 10:48:01','2018-04-19 10:48:01'),
	(8,'repudiandae','Eos dolor reprehenderit culpa et. Molestias aliquam nihil ducimus qui quo cum quia et. Quas perferendis reiciendis necessitatibus pariatur molestiae qui cupiditate.',174,5,20,'2018-04-19 10:48:01','2018-04-19 10:48:01'),
	(9,'eos','Aut nemo voluptatem possimus voluptatem quod. Doloremque molestiae corrupti quis accusantium consequatur molestiae et. Reiciendis harum rem cum eius est saepe voluptatibus. Qui praesentium quis sapiente non dolor optio nulla magni.',446,4,28,'2018-04-19 10:48:01','2018-04-19 10:48:01'),
	(10,'natus','Et iusto quo beatae pariatur et est libero. Rerum et neque et sed. Sed maiores eum dolor molestiae ut. Amet qui optio amet a modi. Assumenda magnam dolor porro alias deleniti esse.',865,2,39,'2018-04-19 10:48:01','2018-04-19 10:48:01'),
	(11,'sit','Quia qui deleniti rerum. Numquam est dolore nobis inventore eum dolorem sed. Suscipit possimus modi sed. Qui id dolores dignissimos dolorem voluptas earum. Aut odio sit autem voluptatum nisi odio minus.',155,5,11,'2018-04-19 10:48:01','2018-04-19 10:48:01'),
	(12,'vel','Optio deserunt modi adipisci dolores et doloribus vel. Sed et vel eveniet. Molestiae deserunt quia ratione ut. Nobis tenetur rem et suscipit enim praesentium et.',552,6,2,'2018-04-19 10:48:01','2018-04-19 10:48:01'),
	(13,'est','Aut et et sapiente iure doloribus inventore. Fugit nemo accusantium beatae laboriosam corporis asperiores. Id quasi ipsum molestias quia voluptate eos.',273,3,21,'2018-04-19 10:48:01','2018-04-19 10:48:01'),
	(14,'repudiandae','Doloribus sint nulla repellat dolorum labore nostrum ex. Voluptates repellat culpa eos maiores. Excepturi cupiditate quisquam consequatur quas qui qui sequi.',683,1,40,'2018-04-19 10:48:01','2018-04-19 10:48:01'),
	(15,'inventore','At corporis ex debitis modi quia ut itaque. Earum doloremque ad recusandae id saepe velit doloribus eos. Culpa quia quia sit harum. Voluptatem ipsa culpa iure voluptas quo vel dolor.',463,1,8,'2018-04-19 10:48:01','2018-04-19 10:48:01'),
	(16,'nostrum','Aut laudantium non voluptatem eos earum hic. Et distinctio beatae et consequatur corporis debitis modi consequatur. Architecto exercitationem veniam doloribus similique doloribus officiis veniam.',340,6,37,'2018-04-19 10:48:01','2018-04-19 10:48:01'),
	(17,'beatae','Deserunt et rerum minima. Tempora eos ut nihil doloribus. Nesciunt voluptatum voluptatem qui sunt vel esse.',302,9,17,'2018-04-19 10:48:01','2018-04-19 10:48:01'),
	(18,'pariatur','Earum ipsam tempora aliquid repellendus eaque est. Magni iusto a qui fugit occaecati. Qui ad autem repellat magni non enim rem. Qui omnis est quaerat saepe iure voluptatem omnis.',596,9,42,'2018-04-19 10:48:01','2018-04-19 10:48:01'),
	(19,'eum','Nostrum debitis quaerat quibusdam ab quasi a. Itaque explicabo ad dicta voluptas et. Aut qui molestias voluptatem voluptatem dolorem quas dignissimos voluptas.',297,8,35,'2018-04-19 10:48:01','2018-04-19 10:48:01'),
	(20,'suscipit','Ratione distinctio nisi commodi unde quae debitis est saepe. Cupiditate voluptatem rerum animi voluptates voluptatem. Dolor in veniam illo. Veritatis rerum et saepe.',646,2,25,'2018-04-19 10:48:01','2018-04-19 10:48:01'),
	(21,'sed','Libero non quae est harum. Corporis saepe incidunt eum voluptatem eveniet nam. Reprehenderit iste et enim.',317,7,48,'2018-04-19 10:48:01','2018-04-19 10:48:01'),
	(22,'aut','Pariatur laboriosam aliquam nihil. Aut fuga qui sed dolorem et magni. Provident consequatur quidem aut. Eos voluptate et quod in debitis qui veritatis.',428,7,38,'2018-04-19 10:48:01','2018-04-19 10:48:01'),
	(23,'sunt','Fugit veniam facere saepe. Voluptatem sunt ea mollitia vel sed vel non qui.',427,6,46,'2018-04-19 10:48:01','2018-04-19 10:48:01'),
	(24,'iure','Esse voluptas repudiandae amet sed doloribus facere qui et. Expedita iste tempora accusamus ab non aliquid. At nihil deserunt harum est magni laborum iusto.',877,0,45,'2018-04-19 10:48:01','2018-04-19 10:48:01'),
	(25,'pariatur','Aut fugit et molestiae consequatur quibusdam doloremque. Quidem aut inventore consequatur quaerat aliquam amet. Et vel sint magnam accusantium distinctio voluptates.',604,8,46,'2018-04-19 10:48:01','2018-04-19 10:48:01'),
	(26,'ipsum','Natus voluptates et laboriosam consequuntur modi. Quia dolores suscipit dolores illo totam. Magnam sunt in quam earum a eos.',484,6,34,'2018-04-19 10:48:01','2018-04-19 10:48:01'),
	(27,'distinctio','Blanditiis sapiente omnis hic rerum occaecati est quaerat ut. Ea asperiores sint autem inventore consequuntur rerum eum illum. Excepturi deleniti qui tempore qui consequatur aut assumenda.',866,5,23,'2018-04-19 10:48:01','2018-04-19 10:48:01'),
	(28,'at','Enim expedita ratione molestias. Molestiae minima in aliquid cumque possimus beatae repudiandae. Corrupti voluptatem quia sint doloremque totam. Vel iste aut cupiditate maiores. Id totam quia maxime similique hic magnam.',549,0,40,'2018-04-19 10:48:01','2018-04-19 10:48:01'),
	(29,'id','Et at et voluptate. Tempore quia voluptatem voluptatum voluptatem neque.',529,8,10,'2018-04-19 10:48:01','2018-04-19 10:48:01'),
	(30,'animi','Voluptatem aut non cum eos voluptatem similique. Labore dolores qui autem.',175,1,48,'2018-04-19 10:48:01','2018-04-19 10:48:01'),
	(31,'ex','Pariatur et doloribus rerum itaque a. Quas qui sint tenetur ut. Corporis est qui accusantium ut. Est praesentium quod voluptas et qui iure quia.',737,5,43,'2018-04-19 10:48:01','2018-04-19 10:48:01'),
	(32,'rerum','Facilis velit ipsa voluptas rerum officia beatae. Doloremque voluptate sequi aliquid labore asperiores distinctio ut.',955,9,15,'2018-04-19 10:48:01','2018-04-19 10:48:01'),
	(33,'sapiente','Vitae doloribus incidunt aut qui hic dolor. Est itaque assumenda qui velit debitis distinctio. Quasi libero magnam in quasi impedit dolorum distinctio. Quod iure sint exercitationem velit similique sequi enim.',898,4,40,'2018-04-19 10:48:01','2018-04-19 10:48:01'),
	(34,'molestiae','Perferendis incidunt distinctio repellat. Non necessitatibus dolores atque ut. Et officia aut non iusto.',114,4,41,'2018-04-19 10:48:01','2018-04-19 10:48:01'),
	(35,'voluptatibus','Labore voluptates consectetur dolor non et exercitationem cumque. Temporibus qui soluta libero esse cumque ducimus.',433,7,4,'2018-04-19 10:48:01','2018-04-19 10:48:01'),
	(36,'laborum','Exercitationem labore iste laborum sunt totam sequi provident. Commodi non laudantium qui. Doloribus et voluptas nam ut. Nemo voluptatum adipisci ipsum architecto dolorem architecto. Libero accusamus aut doloremque ipsam neque dolore quod.',422,8,18,'2018-04-19 10:48:01','2018-04-19 10:48:01'),
	(37,'commodi','Aspernatur quam voluptas sed est reiciendis est. Similique qui minima autem quas aut nulla. Tempora eveniet id rerum illo. Dolor est et accusamus ea illo.',198,3,17,'2018-04-19 10:48:01','2018-04-19 10:48:01'),
	(38,'aut','Aliquam sapiente corporis et qui. Sequi et pariatur aut magnam. Dignissimos repellendus placeat incidunt iure dolorem. Dolore quia ut ullam laudantium aut.',412,6,26,'2018-04-19 10:48:01','2018-04-19 10:48:01'),
	(39,'voluptate','Ea laborum rerum aliquam labore. Perferendis vel porro non ut accusantium quod quis. Quasi consectetur voluptates facere. Labore esse aut ad officia.',562,4,28,'2018-04-19 10:48:01','2018-04-19 10:48:01'),
	(40,'ut','Ratione consequuntur sunt et voluptatibus cum. Commodi tempora voluptas cum modi. Aspernatur sit quae est. Cupiditate hic voluptas maiores cumque est vel iste.',899,2,18,'2018-04-19 10:48:01','2018-04-19 10:48:01'),
	(41,'animi','Voluptatem eum a ut blanditiis qui cum. Fugiat facere necessitatibus reprehenderit. Sint libero aut rerum doloremque quisquam qui eos. Doloremque quae odio possimus voluptate ut amet.',941,2,3,'2018-04-19 10:48:01','2018-04-19 10:48:01'),
	(42,'quae','Corrupti necessitatibus sequi dolorem et in itaque. Autem pariatur et consectetur. Et rem dolores quis.',188,8,49,'2018-04-19 10:48:01','2018-04-19 10:48:01'),
	(43,'non','Adipisci eos similique quod. Impedit itaque accusamus et ipsum nostrum aspernatur. Iste saepe ut expedita pariatur et et.',771,2,19,'2018-04-19 10:48:01','2018-04-19 10:48:01'),
	(44,'dolor','Ducimus sit earum facere dolores. Error veritatis odio eligendi. Rem error est vel provident debitis assumenda.',376,2,27,'2018-04-19 10:48:01','2018-04-19 10:48:01'),
	(45,'aliquam','A aperiam consequuntur ad dolores non dolorem. Odio inventore quae ut tenetur blanditiis quo. Tempora provident aut rerum aut quaerat qui aliquam.',469,8,4,'2018-04-19 10:48:01','2018-04-19 10:48:01'),
	(46,'similique','Et omnis dolorem beatae inventore. Dolorem praesentium quis incidunt nemo qui voluptates blanditiis. Consequatur voluptas maiores eaque aperiam laudantium aut sapiente.',378,8,7,'2018-04-19 10:48:01','2018-04-19 10:48:01'),
	(47,'natus','Labore dignissimos tempore provident inventore ad dignissimos unde. Sed eius autem id earum. Occaecati in praesentium sapiente.',431,6,16,'2018-04-19 10:48:01','2018-04-19 10:48:01'),
	(48,'culpa','Beatae non ut officiis reprehenderit adipisci asperiores asperiores fuga. Voluptate molestiae aperiam id. Sunt dicta itaque voluptatem nemo voluptas. Dolorem ad quasi consequuntur consectetur assumenda numquam alias. Est ut aut repellendus doloribus.',200,2,23,'2018-04-19 10:48:01','2018-04-19 10:48:01'),
	(49,'odit','Autem tempora voluptatem aperiam et ut aliquid. Sed minima temporibus reiciendis dolore hic ea. Ducimus doloremque quia libero ea occaecati. Modi ut debitis mollitia aut nihil in.',263,8,28,'2018-04-19 10:48:01','2018-04-19 10:48:01'),
	(50,'atque','Eum fuga voluptatum architecto cum maxime deleniti. Possimus autem reprehenderit voluptatem adipisci rem voluptatem architecto nostrum. Qui provident itaque eum perspiciatis autem quos facilis ab.',733,7,36,'2018-04-19 10:48:01','2018-04-19 10:48:01');

/*!40000 ALTER TABLE `products` ENABLE KEYS */;
UNLOCK TABLES;


# Dump of table reviews
# ------------------------------------------------------------

DROP TABLE IF EXISTS `reviews`;

CREATE TABLE `reviews` (
  `id` int(10) unsigned NOT NULL AUTO_INCREMENT,
  `product_id` int(10) unsigned NOT NULL,
  `customer` varchar(255) COLLATE utf8mb4_unicode_ci NOT NULL,
  `review` text COLLATE utf8mb4_unicode_ci NOT NULL,
  `star` int(11) NOT NULL,
  `created_at` timestamp NULL DEFAULT NULL,
  `updated_at` timestamp NULL DEFAULT NULL,
  PRIMARY KEY (`id`),
  KEY `reviews_product_id_index` (`product_id`),
  CONSTRAINT `reviews_product_id_foreign` FOREIGN KEY (`product_id`) REFERENCES `products` (`id`) ON DELETE CASCADE
) ENGINE=InnoDB DEFAULT CHARSET=utf8mb4 COLLATE=utf8mb4_unicode_ci;

LOCK TABLES `reviews` WRITE;
/*!40000 ALTER TABLE `reviews` DISABLE KEYS */;

INSERT INTO `reviews` (`id`, `product_id`, `customer`, `review`, `star`, `created_at`, `updated_at`)
VALUES
	(1,23,'Quincy Kertzmann MD','Repellat laudantium blanditiis sed nobis nisi. Incidunt recusandae aspernatur sunt praesentium quis ipsa recusandae.',4,'2018-04-19 10:48:02','2018-04-19 10:48:02'),
	(2,44,'Alene Wintheiser','Perferendis quia corrupti quia soluta. Qui perspiciatis eum ut officia velit modi itaque. Omnis delectus maxime laudantium aut. Fugiat earum facilis in magni.',2,'2018-04-19 10:48:02','2018-04-19 10:48:02'),
	(3,43,'Hester Dickens PhD','Vero ut ut neque unde. Et id facilis vero voluptas quo.',5,'2018-04-19 10:48:02','2018-04-19 10:48:02'),
	(4,31,'Dr. Sidney Abbott DDS','Est unde doloremque quas eveniet illo vel. Laudantium temporibus ducimus quia sequi saepe modi accusamus.',1,'2018-04-19 10:48:02','2018-04-19 10:48:02'),
	(5,44,'Dr. Ernie Trantow','Iusto sed molestias praesentium perspiciatis. Et sit voluptatem odio nulla. Doloremque nisi ea sit in recusandae necessitatibus aliquid nam. Dolores ad ea dicta voluptatum velit alias autem.',0,'2018-04-19 10:48:02','2018-04-19 10:48:02'),
	(6,5,'Madyson Deckow','Fugiat voluptatem rem architecto blanditiis ab. Deserunt porro ex vero tempore vel. Eius sunt temporibus perspiciatis reprehenderit voluptatum explicabo.',5,'2018-04-19 10:48:02','2018-04-19 10:48:02'),
	(7,21,'Sunny Leannon','Accusamus esse repellendus veritatis quam. Quae sit sint quis qui et. Dolorem aliquid officia eius vel qui ea corporis. Ad repellendus nobis sed incidunt nulla.',5,'2018-04-19 10:48:02','2018-04-19 10:48:02'),
	(8,15,'Judd Murray PhD','Veritatis facere dolores ea id. Soluta nihil consectetur quis et occaecati. Suscipit praesentium facilis et eum ipsum. Omnis accusantium error quaerat sed. Sit facere est ipsam voluptas eos.',4,'2018-04-19 10:48:02','2018-04-19 10:48:02'),
	(9,50,'Miss Vivianne Will IV','Enim molestias eum molestiae minus perferendis aut eos. Eius nemo corporis adipisci rem officia numquam cupiditate. Fugiat et sit optio doloribus excepturi doloremque nisi.',3,'2018-04-19 10:48:02','2018-04-19 10:48:02'),
	(10,49,'Ona Becker','Sit quidem perferendis et et iure. Et est ducimus reiciendis. Error qui quod dignissimos quaerat facilis.',3,'2018-04-19 10:48:02','2018-04-19 10:48:02'),
	(11,22,'Dr. Mya Howe PhD','Atque nemo non qui. Praesentium cum dolor dolores optio. Beatae rerum ea perferendis ducimus culpa ad. Sit tempora dolorem perspiciatis iusto sunt beatae quos. Non et perspiciatis porro minima labore harum quia.',1,'2018-04-19 10:48:02','2018-04-19 10:48:02'),
	(12,32,'Iva Hodkiewicz','Nisi assumenda doloribus quod qui ducimus deserunt veritatis. Sit fugiat quia accusantium. Enim porro repudiandae asperiores sunt voluptates alias beatae esse. Nihil doloribus et sapiente dignissimos.',1,'2018-04-19 10:48:02','2018-04-19 10:48:02'),
	(13,15,'Cristina Roob','Ipsam eveniet odit sint eius officiis. Aut architecto iusto molestiae. Ipsa ut et et et numquam qui veritatis odit. Earum ut magnam ut ut unde quas molestiae. Ex iusto nihil consequatur quia saepe molestiae non.',0,'2018-04-19 10:48:02','2018-04-19 10:48:02'),
	(14,3,'Prof. Madge Ebert','Neque excepturi et nesciunt ea tempore nihil voluptatibus. Architecto eius officiis delectus animi libero. Ipsa ipsum quasi nihil rem velit.',1,'2018-04-19 10:48:02','2018-04-19 10:48:02'),
	(15,38,'Jo Corkery III','Labore accusantium rerum alias non culpa quam est. Magni dolores velit architecto et explicabo. Enim qui porro sit eum officia libero.',2,'2018-04-19 10:48:02','2018-04-19 10:48:02'),
	(16,17,'Autumn Cole','Est ipsum quos dolor assumenda qui. A id ut ea eligendi dolorem modi animi eos. Aspernatur suscipit qui laboriosam. Soluta natus voluptates nobis harum est.',4,'2018-04-19 10:48:02','2018-04-19 10:48:02'),
	(17,13,'Dewitt Collins','Tempora quisquam neque sint quod ratione rem voluptatum. Eaque atque est soluta in. Facilis qui earum in ab occaecati ut. Aut qui et veritatis nihil unde non.',3,'2018-04-19 10:48:02','2018-04-19 10:48:02'),
	(18,16,'Prof. Eula Durgan II','Dolorem exercitationem numquam quasi. Voluptatem reprehenderit voluptatibus qui doloribus velit illum. Tenetur reprehenderit esse accusantium numquam ut eligendi ratione.',4,'2018-04-19 10:48:02','2018-04-19 10:48:02'),
	(19,18,'Ms. Rafaela Becker','Et cupiditate soluta ratione esse. Facilis esse cumque veniam rerum itaque. Ad non placeat recusandae. Hic maxime fuga temporibus ipsam ea asperiores ea.',0,'2018-04-19 10:48:02','2018-04-19 10:48:02'),
	(20,39,'Mortimer Conroy','Cupiditate similique laudantium rem molestiae id. Deserunt repellendus velit iste reiciendis nostrum. Consequatur ad perspiciatis veritatis natus vel et placeat. Sed ea ut aspernatur aut minus.',4,'2018-04-19 10:48:02','2018-04-19 10:48:02'),
	(21,9,'Dr. Reynold Swaniawski I','Est quam velit beatae placeat iste sit enim. Perferendis vitae quia eaque debitis doloribus eveniet. Minus molestias ut placeat id adipisci sit voluptas.',0,'2018-04-19 10:48:02','2018-04-19 10:48:02'),
	(22,23,'Prof. Jacinto Wilkinson','Fuga optio neque voluptatem sunt. Ratione quia cupiditate vitae quae nostrum modi consequatur. Nesciunt qui id nesciunt eos nobis exercitationem.',1,'2018-04-19 10:48:02','2018-04-19 10:48:02'),
	(23,27,'Prof. Delphia Carroll','Aliquam ut eaque recusandae error. Ullam iure sit quia rerum qui dolor. Quisquam alias dolor inventore sed quo sunt est. Non ducimus ut reiciendis nihil amet.',1,'2018-04-19 10:48:02','2018-04-19 10:48:02'),
	(24,35,'Amber Von','Expedita aut inventore facere numquam minus similique sunt. Rerum voluptatem laborum temporibus nesciunt. Est ipsum commodi autem voluptas omnis. Et minima numquam quia placeat officia quia perspiciatis.',1,'2018-04-19 10:48:02','2018-04-19 10:48:02'),
	(25,25,'Carolyne Auer','Harum iste quae dolor magni dolor eius. Deserunt exercitationem illo non. Veritatis ut similique et qui id.',0,'2018-04-19 10:48:02','2018-04-19 10:48:02'),
	(26,48,'Donavon Waters DDS','Facere qui eveniet voluptatem explicabo deserunt. Aut eveniet tenetur repellat recusandae placeat est. Aut dolore aut non eum impedit eos. Esse consequatur provident eaque vitae. Qui sequi autem dolor aut labore vel id.',3,'2018-04-19 10:48:02','2018-04-19 10:48:02'),
	(27,39,'Morgan O\'Conner','Sed sunt quo et. Qui enim doloremque commodi quae enim qui temporibus. Non facilis nesciunt enim cum architecto ex dolor. Odio ut cumque veritatis necessitatibus quia cumque.',1,'2018-04-19 10:48:02','2018-04-19 10:48:02'),
	(28,32,'Murphy Conn','Aliquam ut dolor et possimus. Doloremque nobis pariatur beatae. Sunt et beatae molestiae est.',4,'2018-04-19 10:48:02','2018-04-19 10:48:02'),
	(29,25,'Miss Maribel Collier','Minus non exercitationem et ut aut vel. Eveniet at et et labore in quia. Quae expedita ut voluptas delectus officia consequatur.',2,'2018-04-19 10:48:02','2018-04-19 10:48:02'),
	(30,10,'Sydney Heidenreich','Minus est id cum dolorem. Sit aut provident eum voluptas velit quidem aliquam. Atque repellat eos asperiores itaque.',2,'2018-04-19 10:48:02','2018-04-19 10:48:02'),
	(31,35,'Amber Bartoletti','Corporis cupiditate corporis consectetur animi hic. Sed sequi quibusdam aut nemo officia sed. Voluptas ullam nam similique ut aut sit velit. Odio vel aspernatur totam labore hic omnis voluptatum.',5,'2018-04-19 10:48:02','2018-04-19 10:48:02'),
	(32,41,'Isai Hayes','Ea qui et consectetur laboriosam aut sit exercitationem non. Minus laborum nostrum occaecati odio. Exercitationem architecto ut vel commodi libero error. Hic excepturi dolorem eum dignissimos eius. Quo quo ut provident odit et cumque.',1,'2018-04-19 10:48:02','2018-04-19 10:48:02'),
	(33,37,'Quentin Cronin','Quas et necessitatibus in tempora a. Ut at eos omnis ipsum et. At aspernatur nobis et et sunt odit.',2,'2018-04-19 10:48:02','2018-04-19 10:48:02'),
	(34,49,'Dr. Chloe Zieme Jr.','Ullam molestiae quis odio nulla fugit sunt fuga reiciendis. Omnis voluptas sequi dolorum cumque. Enim aliquid quasi porro ipsam ullam nesciunt. Ea nisi tempore voluptas aperiam maxime quis unde.',1,'2018-04-19 10:48:02','2018-04-19 10:48:02'),
	(35,26,'Prof. Ray Batz','Sit ad in repellat aut. Voluptate ad dicta tempora est sunt esse. Et voluptas consectetur totam. Vel aspernatur unde qui et sit.',2,'2018-04-19 10:48:02','2018-04-19 10:48:02'),
	(36,8,'Vada Raynor','Voluptatem pariatur laudantium facere consequatur ipsum. Cumque est aut natus aut.',1,'2018-04-19 10:48:02','2018-04-19 10:48:02'),
	(37,28,'Alex Braun','Numquam nulla necessitatibus aperiam nisi voluptatem quis ea enim. A commodi ea animi. Itaque maxime et iure.',0,'2018-04-19 10:48:02','2018-04-19 10:48:02'),
	(38,32,'Joana Heathcote Jr.','Sint voluptatem consequatur in eaque saepe ullam et eos. Amet dolorem perferendis sit voluptatibus modi asperiores vero delectus. Asperiores suscipit modi dolores quam corporis voluptatem dolores. Optio expedita necessitatibus nesciunt labore sed quidem.',2,'2018-04-19 10:48:02','2018-04-19 10:48:02'),
	(39,17,'Arturo Emard III','Ullam veritatis officia quos molestiae. Facere et id omnis tempore quisquam animi et. Commodi nisi omnis nam error harum.',4,'2018-04-19 10:48:02','2018-04-19 10:48:02'),
	(40,22,'Sallie Brown MD','Sit ut non et dignissimos delectus. Sint sapiente libero deleniti libero tempore et nobis. Non distinctio quia vel eos odio. Nemo quaerat quaerat dolorum quia.',4,'2018-04-19 10:48:02','2018-04-19 10:48:02'),
	(41,7,'Mercedes Feeney','Adipisci dolore esse officia iure id dicta quisquam. Consequatur et et magnam numquam.',5,'2018-04-19 10:48:02','2018-04-19 10:48:02'),
	(42,23,'Ray Mills PhD','Numquam consequuntur commodi omnis facere non ut perspiciatis nam. Quia voluptas autem non aspernatur qui rerum fuga. In impedit voluptas omnis inventore occaecati. Est qui error at reprehenderit consequuntur.',0,'2018-04-19 10:48:02','2018-04-19 10:48:02'),
	(43,48,'Eliezer Volkman','Harum itaque ut itaque voluptatibus ut ab tenetur. In est quis sit et vel id. Quia numquam officia nulla voluptate. Doloremque illo quaerat et perspiciatis.',0,'2018-04-19 10:48:02','2018-04-19 10:48:02'),
	(44,36,'Bryce Hyatt','Ipsam dolorem numquam qui et at aut quaerat. Optio et consequatur id. Sit placeat sed aut vel.',0,'2018-04-19 10:48:02','2018-04-19 10:48:02'),
	(45,26,'Chance Upton','Saepe quasi in repellat nulla consequatur. Sunt laboriosam fuga repellendus et et nobis. Voluptas at porro illum deserunt quibusdam. Sit ratione beatae delectus.',1,'2018-04-19 10:48:02','2018-04-19 10:48:02'),
	(46,9,'Anne Greenholt','Aut dolor nam non optio id. Qui consequatur impedit officiis necessitatibus ut. Sit eos doloremque reiciendis aut dolorem quaerat placeat libero.',0,'2018-04-19 10:48:02','2018-04-19 10:48:02'),
	(47,28,'Jasen Kessler','Atque omnis tempore aliquid qui rerum dicta sunt. Et eligendi animi incidunt magni. Rerum qui molestiae reprehenderit.',5,'2018-04-19 10:48:02','2018-04-19 10:48:02'),
	(48,45,'Prof. Winona Kerluke','Ad repellendus facere ut velit quas mollitia et vel. Dolor et voluptatem distinctio necessitatibus quod culpa. Beatae voluptates facere vero sed incidunt. Ex sint reiciendis rerum dicta modi illo laudantium voluptas.',5,'2018-04-19 10:48:02','2018-04-19 10:48:02'),
	(49,40,'Dr. Rafael Medhurst','Ut aut voluptas amet voluptatum. Sed non architecto nostrum consequatur eum labore ducimus. Aspernatur quaerat quas consequatur unde et aut debitis quia. Non et tenetur praesentium impedit est voluptate omnis molestiae.',2,'2018-04-19 10:48:02','2018-04-19 10:48:02'),
	(50,39,'Ms. Shania Cremin','Qui non maxime cum ab. Magni vitae in cum eos libero recusandae ab quia. Adipisci qui corrupti vel optio ipsum expedita. Nihil qui qui occaecati voluptatem.',5,'2018-04-19 10:48:02','2018-04-19 10:48:02'),
	(51,48,'Rhea Rippin','Magni aut quis illo minus sequi veritatis ducimus. Qui et enim facilis officia esse. Ut iure consequuntur quos rem quod sint harum recusandae. Sint rerum nihil quaerat placeat illo maxime. Nihil sed enim ipsum numquam.',1,'2018-04-19 10:48:02','2018-04-19 10:48:02'),
	(52,36,'Brook Ernser','Vel nobis ut aut vitae laborum et ipsum. Et quo eum laudantium eum est qui. Nisi ipsum ut ut in nulla at.',0,'2018-04-19 10:48:02','2018-04-19 10:48:02'),
	(53,48,'Jarrod Mills DVM','Excepturi mollitia similique ea ex minima adipisci vero aspernatur. Officiis earum natus dolorem consequatur incidunt itaque facere. Delectus blanditiis et et enim impedit quas iste. Quae quia atque occaecati dolor magni.',4,'2018-04-19 10:48:02','2018-04-19 10:48:02'),
	(54,31,'Diana Balistreri','Perferendis quos omnis ut ex. Doloribus reiciendis corrupti eveniet et. Quis ut iusto dolorum aut harum.',4,'2018-04-19 10:48:02','2018-04-19 10:48:02'),
	(55,45,'Prof. Patrick Schroeder DVM','Adipisci a voluptatum ducimus quam ut quae recusandae. Voluptas nihil iure aut in laboriosam. Ea fugiat consequatur eum eaque.',5,'2018-04-19 10:48:02','2018-04-19 10:48:02'),
	(56,13,'Winfield Lind','Vero ex rerum ut quia aspernatur commodi. Unde laudantium est tenetur omnis rerum quas et. Ipsam animi velit eum et ut perferendis minus. Modi perspiciatis incidunt sit quis.',3,'2018-04-19 10:48:02','2018-04-19 10:48:02'),
	(57,31,'Naomi Purdy','Id sed architecto animi illo autem voluptates voluptatem. Reiciendis modi fuga repudiandae qui ut quasi modi. Omnis vero consequuntur rerum voluptate omnis ipsum blanditiis. Voluptate aut ab delectus ut sunt temporibus ipsam dolor.',1,'2018-04-19 10:48:02','2018-04-19 10:48:02'),
	(58,45,'Ewald Bosco','Minus quasi nisi provident consequatur. Id rerum nisi cum eaque aut. Iusto quia eum velit qui quaerat eveniet beatae consequatur. Minus quas veniam et rerum aut.',0,'2018-04-19 10:48:02','2018-04-19 10:48:02'),
	(59,17,'Myrl Roberts','Quaerat illo non qui in natus quos unde vel. Unde dignissimos laboriosam explicabo deleniti provident consequatur. Temporibus officia ut sint earum.',3,'2018-04-19 10:48:02','2018-04-19 10:48:02'),
	(60,9,'Belle Moen','Tenetur qui ut voluptatem est mollitia molestiae. Facere vel ipsa qui autem ut. Impedit delectus voluptatibus molestiae nulla aut non eum. Reprehenderit velit reprehenderit iure nostrum.',1,'2018-04-19 10:48:02','2018-04-19 10:48:02'),
	(61,8,'Mafalda Padberg','Autem reiciendis enim aspernatur iste fuga dolorem. Fuga maiores iusto illo voluptas nihil omnis nihil. Debitis architecto ratione aut quisquam quis. Tenetur harum ipsum omnis et atque illum.',4,'2018-04-19 10:48:02','2018-04-19 10:48:02'),
	(62,21,'Annie Schroeder','Sunt sit quas sit aut saepe. Aut et expedita mollitia aut rem quisquam dolorem. Ducimus enim libero quia omnis saepe nihil ut.',4,'2018-04-19 10:48:02','2018-04-19 10:48:02'),
	(63,33,'Clementina Leannon','Odit sed cupiditate sit quis. Velit a ab magni et corrupti excepturi. Sint voluptate voluptatem laborum est. Qui praesentium incidunt facere iusto asperiores.',5,'2018-04-19 10:48:02','2018-04-19 10:48:02'),
	(64,33,'Jedidiah Lindgren','Consequatur distinctio in voluptatem ut. Dolores a nisi laboriosam officia qui incidunt. Veniam delectus dolores dolores qui.',4,'2018-04-19 10:48:02','2018-04-19 10:48:02'),
	(65,10,'Mrs. Kallie Bosco MD','Corrupti qui vel molestiae et ipsum. Enim corporis repellendus quis. Qui minus hic non pariatur aut.',2,'2018-04-19 10:48:02','2018-04-19 10:48:02'),
	(66,38,'Sebastian Wiza','Consequatur exercitationem sed velit dolorem sed sit. Quas molestiae repellendus sunt a impedit atque. Suscipit qui architecto ea ex odit quia. Animi fugiat quia in assumenda voluptatem libero.',0,'2018-04-19 10:48:02','2018-04-19 10:48:02'),
	(67,2,'Erika Reynolds','Quidem magni quia porro. Est fugit numquam impedit autem ex laborum aperiam qui. Ipsum et repudiandae nihil omnis cupiditate.',5,'2018-04-19 10:48:02','2018-04-19 10:48:02'),
	(68,25,'Audra Schowalter','Laboriosam animi ut quae et quis. Molestiae eum et voluptas vero perferendis quia aperiam.',5,'2018-04-19 10:48:02','2018-04-19 10:48:02'),
	(69,27,'Nelle Dare','Ut est et suscipit quibusdam. Ea commodi quis sapiente sit. Vero delectus quaerat magni eaque. Voluptate corrupti tenetur omnis blanditiis provident illo.',5,'2018-04-19 10:48:02','2018-04-19 10:48:02'),
	(70,12,'Scarlett Mayer','Est quaerat omnis eos ut ad. Consectetur et a non nesciunt molestiae minima. Sed vero tempora voluptas odit sequi ipsum ipsum dolor. Quasi cumque illum sequi sit.',3,'2018-04-19 10:48:02','2018-04-19 10:48:02'),
	(71,31,'Gus Waters','Ratione accusantium praesentium perspiciatis magni nam deleniti amet necessitatibus. Consequatur qui esse alias reiciendis deleniti voluptatem. Dolores veritatis nam sit officia rerum iure numquam tempora.',0,'2018-04-19 10:48:02','2018-04-19 10:48:02'),
	(72,46,'Garrison Cassin','Perspiciatis fuga impedit voluptate suscipit quas. Itaque quasi veritatis omnis aliquam iure. Earum numquam quis nam pariatur consequatur quia. Rerum recusandae voluptate rerum.',3,'2018-04-19 10:48:02','2018-04-19 10:48:02'),
	(73,3,'Miss Teresa Crooks MD','Fuga aut quod est aut. Et et amet eaque officiis odio et id placeat. Eos error omnis dignissimos quidem voluptatem natus eveniet.',0,'2018-04-19 10:48:02','2018-04-19 10:48:02'),
	(74,36,'Prof. Rod Osinski','Adipisci quae tenetur quae et error debitis. Placeat architecto a non recusandae. Ducimus possimus et sit consectetur neque.',1,'2018-04-19 10:48:02','2018-04-19 10:48:02'),
	(75,27,'Zula Weissnat','Vel distinctio aut vitae ut excepturi. Et itaque est neque laboriosam voluptatem totam ut. Repellat beatae commodi maiores sed est.',2,'2018-04-19 10:48:02','2018-04-19 10:48:02'),
	(76,24,'Bryana Marks I','Libero quis veniam deleniti velit sed aperiam. Eius fuga quam est repellat ut.',2,'2018-04-19 10:48:02','2018-04-19 10:48:02'),
	(77,22,'Dr. Kyler Hickle PhD','Cupiditate et eum ex a. Vero iusto minus delectus sunt distinctio omnis dolor rem. Illum eos iure excepturi aliquid illum eum. Doloremque ut cupiditate a quaerat atque non ut provident.',3,'2018-04-19 10:48:02','2018-04-19 10:48:02'),
	(78,3,'Monserrat Weissnat','Aut dignissimos voluptate hic excepturi consectetur velit id. Voluptatem explicabo nam itaque neque. Voluptatum incidunt repellendus et expedita. Ut dolor ipsa at minus.',2,'2018-04-19 10:48:02','2018-04-19 10:48:02'),
	(79,37,'Daphne Morar','Asperiores quibusdam consequatur blanditiis est veritatis. Facere deserunt eos id error. Magni voluptatum recusandae consectetur.',3,'2018-04-19 10:48:02','2018-04-19 10:48:02'),
	(80,24,'Jocelyn Hackett','Praesentium optio iste facere. Excepturi fuga perspiciatis enim delectus occaecati dolor. Ea sit omnis aperiam autem facilis molestiae iusto. Inventore est sapiente aut accusantium adipisci repudiandae.',2,'2018-04-19 10:48:02','2018-04-19 10:48:02'),
	(81,28,'Vicky Hegmann','Explicabo neque laudantium corrupti sit culpa aperiam. Eveniet qui laborum omnis excepturi et neque rerum. Ex ut reiciendis officia quae aut quam.',1,'2018-04-19 10:48:02','2018-04-19 10:48:02'),
	(82,40,'Dr. Josefina Olson DVM','Molestiae magni quas esse harum et nobis. Voluptatem voluptatum laudantium voluptatem et earum.',1,'2018-04-19 10:48:02','2018-04-19 10:48:02'),
	(83,47,'Penelope Schiller','In tempora dolorem repellat voluptatibus. Delectus distinctio perspiciatis velit et enim. Neque et recusandae dolores magnam. Aut illum ex cumque est.',0,'2018-04-19 10:48:02','2018-04-19 10:48:02'),
	(84,38,'Dr. Casimer Runolfsdottir','Nesciunt labore iure nesciunt consequuntur aspernatur. Ut velit culpa explicabo qui. Ut beatae distinctio vitae dolores corrupti reprehenderit. Illum pariatur illum quos debitis pariatur earum.',4,'2018-04-19 10:48:02','2018-04-19 10:48:02'),
	(85,41,'Prof. Danyka Rolfson','Libero numquam quia reprehenderit vitae sed ea quo. Dolorum dolorum perferendis sapiente occaecati eos accusamus. Et officiis doloribus dolore illo. Ea occaecati dolore qui voluptatibus ab aliquid qui.',2,'2018-04-19 10:48:02','2018-04-19 10:48:02'),
	(86,3,'Dr. Alicia Olson','Doloribus veritatis temporibus et quia perspiciatis. Ipsam sed dolor totam reiciendis minima totam delectus laudantium. Qui voluptas veritatis impedit quia debitis. Id aut esse voluptatem itaque enim commodi.',0,'2018-04-19 10:48:02','2018-04-19 10:48:02'),
	(87,50,'Dr. Kayli Will','Commodi veritatis voluptatibus animi. Et ad quod et optio tempora. Autem necessitatibus accusamus dolores cum sint ea. Aut fugit necessitatibus dolorem.',3,'2018-04-19 10:48:02','2018-04-19 10:48:02'),
	(88,2,'Miss Bethany Fahey Sr.','Quia neque quae veritatis dolorum voluptatum. Eos voluptate ea deleniti ea excepturi quidem voluptas. Laborum maiores odit voluptas veniam. Vero aliquid tenetur ea.',3,'2018-04-19 10:48:02','2018-04-19 10:48:02'),
	(89,15,'Loren Stiedemann','Dignissimos quibusdam in quia et reprehenderit. Minima dolore mollitia magnam odit distinctio quis accusamus. Rem voluptate aut maiores.',3,'2018-04-19 10:48:02','2018-04-19 10:48:02'),
	(90,7,'Ms. Ora Green','Omnis cum sed nesciunt minima. Magnam maiores tenetur voluptatum impedit impedit. Aspernatur nobis numquam deserunt. Voluptates asperiores nulla omnis odit ut. Aperiam odit nemo dolorum et sit in.',2,'2018-04-19 10:48:02','2018-04-19 10:48:02'),
	(91,32,'Dena Bauch','Dolorem reprehenderit velit eius incidunt et. Sit mollitia qui rerum qui quae. Velit voluptas quos aut sequi.',2,'2018-04-19 10:48:02','2018-04-19 10:48:02'),
	(92,40,'Bonnie McClure IV','Culpa maiores tempore corrupti quia magni occaecati. Sed voluptatem quas quia iste magni deserunt expedita sint. Doloremque error consequatur saepe voluptatum dolores.',1,'2018-04-19 10:48:02','2018-04-19 10:48:02'),
	(93,50,'August Goyette','Qui deleniti velit dolores sit consequatur. Sint autem possimus inventore eius consectetur aspernatur et consequatur. Eos neque consequuntur iste.',5,'2018-04-19 10:48:02','2018-04-19 10:48:02'),
	(94,4,'Letitia Mosciski','Eveniet eos aut aut et sint quia. Id corporis sint harum placeat fugiat praesentium. Consequatur nobis laboriosam dolorem beatae totam. Dolores quos temporibus provident eius.',5,'2018-04-19 10:48:02','2018-04-19 10:48:02'),
	(95,21,'Hosea Hayes Sr.','Qui illum ea consectetur corporis et. Eligendi natus qui voluptas rerum magni qui. Ab saepe vel deleniti rerum et quod quibusdam. Aut dolorem odit fuga vel velit.',3,'2018-04-19 10:48:02','2018-04-19 10:48:02'),
	(96,42,'Annamarie Gaylord','Ut doloremque qui sapiente tempore unde debitis. Et natus voluptatum doloribus vero suscipit maxime. Accusantium ut ut doloribus aut et ipsum assumenda molestiae. Qui quod aperiam eos.',0,'2018-04-19 10:48:02','2018-04-19 10:48:02'),
	(97,39,'Pete Lemke PhD','Qui fuga consequatur consequatur fugiat. Voluptates nisi animi in est. Inventore odit eum rerum veniam voluptate et modi. Nam quo minus magni repellat delectus placeat sequi.',3,'2018-04-19 10:48:02','2018-04-19 10:48:02'),
	(98,49,'Ida Sawayn II','Eius nam quisquam officia earum totam voluptas. Necessitatibus amet hic atque occaecati sint voluptatum numquam. Et veritatis ullam ex id deleniti. Perferendis iste est quia nihil ad asperiores non.',3,'2018-04-19 10:48:02','2018-04-19 10:48:02'),
	(99,37,'Daniella Zulauf','Enim quae dolor ullam atque dolor corporis rerum. Et perspiciatis nisi non aliquam tempora. Expedita distinctio dolor omnis voluptates.',3,'2018-04-19 10:48:02','2018-04-19 10:48:02'),
	(100,4,'Geovanni Lockman DVM','Consequatur vitae nostrum nihil quidem id. Assumenda et exercitationem assumenda nulla et aliquam ex. Ea magnam vitae autem esse. Iusto accusantium esse ex in rerum nam fugit. Expedita est maiores numquam sint tempore qui.',4,'2018-04-19 10:48:02','2018-04-19 10:48:02'),
	(101,11,'Maryam Farrell','Et maxime nulla eum qui nesciunt fugiat tempore. Qui voluptates consequatur optio qui ea asperiores cumque dolor. Impedit iure reprehenderit perferendis ut nostrum.',3,'2018-04-19 10:48:02','2018-04-19 10:48:02'),
	(102,2,'Fausto McLaughlin','Dolor debitis occaecati ab at rem dolores. Doloremque voluptatibus hic vel aut molestiae dolor ad molestiae.',0,'2018-04-19 10:48:02','2018-04-19 10:48:02'),
	(103,34,'Liana Kertzmann','Recusandae vel eligendi dolores ea quo. Eum ut numquam ut iure. Et sint quis est. Perspiciatis sit rerum excepturi sit. Rerum temporibus qui omnis doloremque nesciunt.',0,'2018-04-19 10:48:02','2018-04-19 10:48:02'),
	(104,33,'Pattie Mayert','Quaerat explicabo itaque rerum fugiat commodi nihil labore. Blanditiis soluta libero et quia. Consequatur molestiae quidem expedita a et et nostrum. Voluptatem doloremque amet provident est. Ullam delectus dolorum eos.',3,'2018-04-19 10:48:02','2018-04-19 10:48:02'),
	(105,5,'Summer Weber I','Quos impedit nam aut nesciunt. Nostrum et et aperiam asperiores voluptatem aut. Et et corporis voluptates. Rerum voluptas harum dicta cum doloribus illum.',3,'2018-04-19 10:48:02','2018-04-19 10:48:02'),
	(106,2,'Marisa Brekke','Voluptatum cupiditate qui et in. Enim non doloremque aut harum. Nisi sed maxime veritatis eum. Et expedita dignissimos aut voluptate. Officiis nihil illum dolorem dolorem aut architecto et aut.',2,'2018-04-19 10:48:02','2018-04-19 10:48:02'),
	(107,13,'Dina Hackett II','Laborum ut voluptatum vel. Eum ratione corporis atque fugit nisi alias. Est aut natus quibusdam qui non. Laudantium ut magni praesentium occaecati.',1,'2018-04-19 10:48:02','2018-04-19 10:48:02'),
	(108,35,'Liliane Nikolaus','Placeat sed nemo occaecati accusantium. Laboriosam assumenda dolores delectus. Asperiores rerum voluptas natus asperiores. Labore est rerum voluptates et.',1,'2018-04-19 10:48:02','2018-04-19 10:48:02'),
	(109,9,'Miss Ellen Watsica V','Non ducimus et aut est vitae quis atque. Magni rem illum et cumque incidunt. Cumque qui qui est assumenda beatae necessitatibus.',1,'2018-04-19 10:48:02','2018-04-19 10:48:02'),
	(110,41,'Emmalee Cremin','Dolorem officiis ut perferendis cum veritatis. Quis quis fugiat laborum inventore fuga aperiam. Quaerat ut qui ad voluptas.',0,'2018-04-19 10:48:02','2018-04-19 10:48:02'),
	(111,3,'Jakob Trantow','Dolores aut explicabo nobis error temporibus reprehenderit autem. Hic nobis perferendis eaque nisi eos quos. Ipsam eos possimus voluptate occaecati consectetur accusantium nulla. Est omnis sed officia voluptas minima eos sint.',3,'2018-04-19 10:48:02','2018-04-19 10:48:02'),
	(112,35,'Laila McLaughlin IV','Ipsum cumque accusantium dicta ut sed voluptas. Minima saepe est omnis consequatur. At omnis debitis nobis eum quia dolores.',0,'2018-04-19 10:48:02','2018-04-19 10:48:02'),
	(113,23,'Maryjane Cartwright','Minima tenetur voluptatem repellat quos. Eum nam sunt possimus provident. Repellat odit voluptate id quam eos nihil quas doloribus. Doloremque ut provident a porro id aut quis.',1,'2018-04-19 10:48:02','2018-04-19 10:48:02'),
	(114,22,'Katharina Welch V','Sit magnam provident voluptas ab dolor maxime. Quia et exercitationem libero.',4,'2018-04-19 10:48:02','2018-04-19 10:48:02'),
	(115,27,'Carleton Crist','Et quae dolor praesentium laboriosam. Sit consequuntur possimus culpa beatae quia dicta vel. Amet consequatur voluptates temporibus et dolorem est voluptatem ut. Voluptate veritatis expedita dolores alias eius voluptatum et. Explicabo vitae quaerat adipisci.',1,'2018-04-19 10:48:02','2018-04-19 10:48:02'),
	(116,49,'Prof. Percy Zboncak','Harum sunt aperiam suscipit est voluptas quisquam. Enim quia et sunt aliquid soluta omnis. Totam rerum maxime tenetur quam ut rerum architecto.',3,'2018-04-19 10:48:02','2018-04-19 10:48:02'),
	(117,35,'Jan Aufderhar Sr.','Id quae et animi natus unde voluptas velit aut. Nulla quaerat ut voluptatum ea quis. Vel iusto sunt ab placeat non vero consequuntur ipsum.',2,'2018-04-19 10:48:02','2018-04-19 10:48:02'),
	(118,10,'Lexie Brakus','Unde provident et minus est perspiciatis. Odio et numquam modi nobis esse. Accusantium nulla quo a ratione et facere.',4,'2018-04-19 10:48:02','2018-04-19 10:48:02'),
	(119,25,'Neha Lueilwitz I','Officia aut fuga qui quod illum autem. Quos deserunt debitis et est ut est. Voluptate eum accusamus quod ut sed omnis expedita. Sint qui explicabo provident.',3,'2018-04-19 10:48:02','2018-04-19 10:48:02'),
	(120,16,'Prof. Aryanna Hammes','Aut unde autem ab eum repellat nobis. Quod eveniet facilis tempora qui. Qui dignissimos magnam eos nobis explicabo et suscipit. Optio hic error architecto quia dolor mollitia nostrum. Dolor debitis sequi sit autem.',0,'2018-04-19 10:48:02','2018-04-19 10:48:02'),
	(121,24,'Marcus Mayer','Magni quo atque dolorem magnam eius aliquid. Quia rerum perspiciatis enim commodi eius aut molestias ut. Necessitatibus fugiat commodi consequatur voluptate. Tenetur dolorem sed quae.',5,'2018-04-19 10:48:02','2018-04-19 10:48:02'),
	(122,14,'Elouise Fritsch Sr.','Inventore molestias ipsum nam reiciendis tempore. Molestiae eligendi voluptates ut illo. Dolores ut sed exercitationem eveniet dolor quibusdam. Saepe natus ut et architecto commodi laborum qui. Dignissimos placeat commodi ea maxime libero voluptas molestias.',2,'2018-04-19 10:48:02','2018-04-19 10:48:02'),
	(123,23,'Ms. Bianka Upton DDS','Error iste quo et labore tenetur. Quis officia voluptatem nobis sit id deleniti. Natus cum maxime est fugiat.',0,'2018-04-19 10:48:02','2018-04-19 10:48:02'),
	(124,29,'Verdie Moore','Quidem iste repellat nulla ut sed voluptatem eaque. Omnis et nostrum quia eaque sit iusto placeat velit. Nam architecto provident ut. Non aliquam ut ratione quos hic magni quis.',4,'2018-04-19 10:48:02','2018-04-19 10:48:02'),
	(125,29,'Jacinthe Jacobi','Reiciendis unde voluptas voluptas unde. Sit maiores voluptas est sapiente inventore qui possimus et. Optio rerum voluptatum qui earum. Et ipsum non natus eaque beatae modi esse.',3,'2018-04-19 10:48:02','2018-04-19 10:48:02'),
	(126,23,'Mr. Leopold Reichel','Vitae harum laboriosam culpa ducimus tempora. Veritatis voluptatem necessitatibus enim consectetur. Officia praesentium quaerat quod. Eum veritatis minima quasi fugit quia delectus itaque.',2,'2018-04-19 10:48:02','2018-04-19 10:48:02'),
	(127,35,'Dr. Edison Schmeler DDS','Earum perferendis officia sit est facilis. Et ea voluptate voluptatum enim. Ut cupiditate sed est cupiditate.',3,'2018-04-19 10:48:02','2018-04-19 10:48:02'),
	(128,1,'Kellen Jast','Odit reiciendis qui sed nihil non totam sit eaque. Cumque at quaerat et quia voluptas quis adipisci provident. Error odit inventore sed minus ratione alias delectus.',0,'2018-04-19 10:48:02','2018-04-19 10:48:02'),
	(129,48,'Nakia Heaney','Quas modi ex dolor accusantium harum at velit. Expedita earum libero sit vel dolores voluptatem. Ad nam omnis aut suscipit amet praesentium debitis cum.',2,'2018-04-19 10:48:02','2018-04-19 10:48:02'),
	(130,26,'Dandre Fritsch III','Ab impedit dolores dicta sunt ut placeat aperiam. Dolorem voluptatem dolor rerum quia optio. Aut qui fugiat quidem autem. Deserunt incidunt sint dignissimos possimus alias. Qui ipsa molestias iste optio qui repellat.',1,'2018-04-19 10:48:02','2018-04-19 10:48:02'),
	(131,15,'Kiara Pollich','Ipsam necessitatibus aut autem totam occaecati in. Qui sit eos qui facere tempora. Quia dolores qui neque aut possimus. Rerum nobis vitae aut dolorem odit ut voluptas. Modi eos rerum saepe minus voluptas quis sed.',5,'2018-04-19 10:48:02','2018-04-19 10:48:02'),
	(132,8,'Nat Botsford','Ea aut voluptas animi ad quidem at quia. Eos quia nihil aut a delectus. Voluptatibus beatae molestiae ex quas molestiae dolor sit labore. Quibusdam corporis harum corporis deleniti vitae temporibus quibusdam.',2,'2018-04-19 10:48:02','2018-04-19 10:48:02'),
	(133,35,'Fae Walker','Adipisci ut non dolores tempora. Qui numquam fuga optio necessitatibus ab.',3,'2018-04-19 10:48:02','2018-04-19 10:48:02'),
	(134,50,'Maurine Lakin','Explicabo sit rem corrupti ratione et. Sit assumenda perspiciatis unde accusamus deserunt reprehenderit est. Cupiditate impedit quas aperiam inventore quas.',0,'2018-04-19 10:48:02','2018-04-19 10:48:02'),
	(135,6,'Lillie Rippin','Voluptate laudantium ducimus ducimus laborum unde laboriosam. Labore ab beatae sed nobis rerum sit.',5,'2018-04-19 10:48:02','2018-04-19 10:48:02'),
	(136,32,'Delaney Monahan','Ea odit voluptatibus ipsam totam eos eos ut. Sint necessitatibus quae itaque. Odit ut quasi maxime. Maxime est rerum et perferendis voluptates.',2,'2018-04-19 10:48:02','2018-04-19 10:48:02'),
	(137,41,'Andreane Ferry','Consequatur blanditiis placeat culpa voluptas. Consequuntur error vel explicabo voluptatem quod vel molestiae. Animi eum voluptatum in blanditiis. Deserunt qui et alias.',3,'2018-04-19 10:48:02','2018-04-19 10:48:02'),
	(138,33,'Roma Cummerata','Similique quia eligendi nihil natus et necessitatibus. Ea occaecati doloremque exercitationem sit vel. Quidem voluptatem quo consequatur dolor sed.',4,'2018-04-19 10:48:02','2018-04-19 10:48:02'),
	(139,4,'Sylvester Bosco','Sint totam labore ipsa reiciendis in. Dolores ut beatae dignissimos recusandae accusamus aspernatur porro maxime. Esse temporibus mollitia tempore ipsam.',4,'2018-04-19 10:48:02','2018-04-19 10:48:02'),
	(140,50,'Emiliano Dare Sr.','Sed mollitia neque animi. Deleniti id quae impedit inventore commodi assumenda. Non ab sit quibusdam. Dolor et aut fugit non qui.',5,'2018-04-19 10:48:02','2018-04-19 10:48:02'),
	(141,27,'Mrs. Destinee Hayes','Repudiandae velit sunt repudiandae et porro. Blanditiis voluptas quia sed esse sit placeat ducimus. Aut et id sed.',1,'2018-04-19 10:48:02','2018-04-19 10:48:02'),
	(142,30,'Arlo Wiza','Similique fugit qui animi alias rerum inventore. Sint omnis ipsa soluta enim veritatis eum ex. Et necessitatibus eum aliquam aliquam exercitationem culpa enim. Et cumque aut rem sit recusandae.',1,'2018-04-19 10:48:02','2018-04-19 10:48:02'),
	(143,5,'Hans Dare MD','Sequi velit voluptatem modi corporis laborum. Sit dolorem eius error voluptatibus quis. Eum maxime et quo dolorem et commodi est. Vero labore est sint incidunt.',0,'2018-04-19 10:48:02','2018-04-19 10:48:02'),
	(144,22,'Barrett Deckow','Repudiandae in aut pariatur omnis eos. Similique occaecati eaque illo velit eaque ut est.',2,'2018-04-19 10:48:02','2018-04-19 10:48:02'),
	(145,17,'Prof. Shanny Bernhard IV','Deleniti nihil adipisci officiis. Qui expedita voluptas eos non. Exercitationem sapiente itaque consequatur aut. Velit culpa voluptates sit nihil saepe similique voluptatem.',4,'2018-04-19 10:48:02','2018-04-19 10:48:02'),
	(146,20,'Horacio Kihn','Et provident quasi qui. Quia quo magnam id a voluptatem consequatur sapiente. Sit vel qui odio modi occaecati qui autem nostrum. Eum ut quis velit eius.',1,'2018-04-19 10:48:02','2018-04-19 10:48:02'),
	(147,46,'Dewitt Abernathy II','Ut cum atque corporis ut sint. Ullam nihil libero id et accusamus. Quidem enim dolores et eos dolorum iure. Atque qui magni enim voluptatem.',1,'2018-04-19 10:48:02','2018-04-19 10:48:02'),
	(148,6,'Aurelio Corwin','Deleniti neque consequatur dolorum rerum rerum eum quo. Eius et ut eligendi facilis ratione neque. Nisi est excepturi magnam est architecto. Numquam ullam est reprehenderit rerum est dolorum nihil.',4,'2018-04-19 10:48:02','2018-04-19 10:48:02'),
	(149,21,'Mr. Brandon Mertz V','Perferendis autem quos excepturi adipisci. Fugiat et corporis consequatur inventore. Optio nesciunt laborum consequuntur ea consequatur tempora in. Aperiam laudantium et perspiciatis sed voluptate.',0,'2018-04-19 10:48:02','2018-04-19 10:48:02'),
	(150,29,'Telly Heidenreich','Rerum tempora distinctio perferendis iure eligendi et eos. Impedit iusto ea corrupti voluptatem dolor adipisci. Et modi velit consequatur porro delectus expedita.',0,'2018-04-19 10:48:02','2018-04-19 10:48:02'),
	(151,41,'River Emard DVM','Consequatur maiores numquam praesentium quo voluptatibus ex. Voluptas deserunt non dolorem sed nesciunt aliquid nostrum. Sunt maxime placeat aut et aliquid vel consectetur. Accusantium quisquam inventore molestiae culpa.',4,'2018-04-19 10:48:02','2018-04-19 10:48:02'),
	(152,17,'Delta Towne','Esse dicta omnis et delectus repellendus. Et impedit dicta eum beatae voluptate dolor dolores. Rerum quo et accusantium ut. Saepe blanditiis numquam sed vitae ut architecto eveniet.',1,'2018-04-19 10:48:02','2018-04-19 10:48:02'),
	(153,24,'Adam Anderson DVM','Distinctio omnis enim eaque itaque dolore ut illo. Repellendus vel inventore sint est aut quae neque. Quis autem repellendus esse modi sequi sint delectus.',2,'2018-04-19 10:48:02','2018-04-19 10:48:02'),
	(154,5,'Adolfo Hoeger','Neque voluptatem commodi rerum optio. Eligendi dolor reprehenderit et qui nobis labore. Facilis aliquam minus delectus omnis.',2,'2018-04-19 10:48:02','2018-04-19 10:48:02'),
	(155,35,'Ms. Ellie Bode','Quaerat excepturi aspernatur recusandae sapiente aspernatur ut rerum. Et eligendi consectetur autem incidunt mollitia numquam necessitatibus. Sit ullam molestias quam deleniti.',5,'2018-04-19 10:48:02','2018-04-19 10:48:02'),
	(156,37,'Delia Hilll IV','Vel suscipit rerum minima delectus. Deserunt esse quaerat ut ullam quidem itaque. Recusandae cum sed numquam eius debitis nobis accusamus. Iure quo sunt ab eaque.',3,'2018-04-19 10:48:02','2018-04-19 10:48:02'),
	(157,19,'Stanley Daniel','Commodi in vel molestiae porro enim debitis magni. Et eveniet iusto repellat quis alias dolorem.',4,'2018-04-19 10:48:02','2018-04-19 10:48:02'),
	(158,31,'Edmund Barrows DVM','Voluptatum nihil autem laudantium maxime sit. Animi nulla nemo cupiditate soluta. Dolorem unde molestiae atque vel quia saepe. Quam nam quia perferendis magnam sunt dolor.',3,'2018-04-19 10:48:02','2018-04-19 10:48:02'),
	(159,18,'Douglas Jacobson','Eligendi doloribus magnam saepe aut. Distinctio omnis fugiat omnis. Pariatur veniam aspernatur nemo exercitationem consequatur et alias itaque. Quis sed repellat delectus est.',0,'2018-04-19 10:48:02','2018-04-19 10:48:02'),
	(160,43,'Hassan Kulas','Quidem possimus pariatur esse aut quia voluptate. Nemo blanditiis nostrum reprehenderit.',4,'2018-04-19 10:48:02','2018-04-19 10:48:02'),
	(161,20,'Dameon Erdman','Quia nulla quae sed aperiam. Ratione soluta reiciendis quia alias.',5,'2018-04-19 10:48:02','2018-04-19 10:48:02'),
	(162,4,'Mr. Bernhard Corkery IV','Minus eos neque tempore a in et optio. Deserunt fugit dolorem non explicabo. Iure nemo harum officiis.',2,'2018-04-19 10:48:02','2018-04-19 10:48:02'),
	(163,10,'Eloise Harber','Blanditiis possimus alias quibusdam delectus. Non dolorem nihil similique nam voluptatem hic sequi ipsa. At doloremque repudiandae voluptatibus expedita. Repellat voluptate minima natus.',4,'2018-04-19 10:48:02','2018-04-19 10:48:02'),
	(164,30,'Rolando Lynch','Libero deleniti aut alias voluptatum dolor. Harum qui temporibus facere sit. Impedit et distinctio dolores sunt qui a modi et. Est quidem sit repudiandae ut mollitia aliquam quod mollitia.',0,'2018-04-19 10:48:02','2018-04-19 10:48:02'),
	(165,18,'Irwin Ortiz','Eius ad ipsam officiis consequuntur quas fugit nemo. Ratione quisquam ratione sed harum. Esse deleniti vero nobis quia maiores ut. Doloremque expedita totam molestiae eos suscipit aliquam iste. Velit consectetur et sit est.',0,'2018-04-19 10:48:02','2018-04-19 10:48:02'),
	(166,24,'Triston Grady','Et qui rerum labore unde possimus iusto voluptatum. Nihil et ratione libero qui et voluptatem eius.',5,'2018-04-19 10:48:02','2018-04-19 10:48:02'),
	(167,21,'Morris Sporer','Qui officiis tempora ipsum sint et quam quis. Sint aut dicta labore molestias beatae recusandae et. Beatae et aut deleniti qui illum.',2,'2018-04-19 10:48:02','2018-04-19 10:48:02'),
	(168,2,'Karley Fisher','Rerum nesciunt dolor quibusdam sit deleniti qui iure voluptate. Aut commodi dolorem rerum accusamus. Deleniti molestiae blanditiis expedita debitis dicta rerum. Quibusdam excepturi ut et rerum nesciunt.',2,'2018-04-19 10:48:02','2018-04-19 10:48:02'),
	(169,50,'Yasmin Gerhold','Neque pariatur cum earum quod. Vel molestiae molestias deserunt. Ut vero non sunt et. Itaque adipisci id quod placeat aperiam ducimus alias.',1,'2018-04-19 10:48:02','2018-04-19 10:48:02'),
	(170,34,'Mr. Bryon Kling','Necessitatibus illo aperiam ut omnis ea modi possimus ratione. Accusantium expedita explicabo et aut nulla illum commodi. Qui illum quaerat iure velit et sit. Unde eum mollitia veritatis maiores explicabo. In dolores accusamus ea necessitatibus veniam.',3,'2018-04-19 10:48:02','2018-04-19 10:48:02'),
	(171,11,'Jada Will','Cumque cupiditate vero voluptatibus. Quia quae et temporibus ab. Praesentium ducimus quasi est odit reprehenderit et. Aperiam quasi iure molestias et eaque distinctio maxime quidem.',2,'2018-04-19 10:48:02','2018-04-19 10:48:02'),
	(172,43,'Ms. Era Breitenberg I','Quae magnam odit corrupti quod. Dolores hic officia in ad alias facere. Tempore aliquam cumque facilis officiis ut est voluptate.',5,'2018-04-19 10:48:02','2018-04-19 10:48:02'),
	(173,46,'Norbert Carter','Molestiae fugiat vel laborum et aut corrupti. Incidunt voluptatibus consequuntur provident minima distinctio necessitatibus. Excepturi modi rerum repellendus. Voluptate vitae quasi neque ea aut a.',1,'2018-04-19 10:48:02','2018-04-19 10:48:02'),
	(174,48,'Prof. Kennedy Boehm V','Qui iusto similique rem. Atque nemo delectus eius necessitatibus cupiditate eum cum quisquam.',0,'2018-04-19 10:48:02','2018-04-19 10:48:02'),
	(175,48,'Shea Hilll','Officiis tempore saepe itaque odit optio repudiandae. Quidem perferendis est doloribus ut quis dolores. Excepturi consectetur totam voluptatem libero voluptates temporibus delectus. Voluptas repudiandae cum natus.',2,'2018-04-19 10:48:02','2018-04-19 10:48:02'),
	(176,37,'Dr. Monty Brown Jr.','Eligendi velit eaque velit dolorum sint et. Minus aut eaque consectetur exercitationem cum qui. Illo commodi et itaque cum sequi odit modi. Et veritatis ex numquam consectetur in aut labore.',0,'2018-04-19 10:48:02','2018-04-19 10:48:02'),
	(177,47,'Ms. Meggie Pfannerstill DDS','Doloremque nam veniam doloremque sed eos quo. Odio labore rerum laborum ut commodi rerum atque. Et impedit error velit veritatis. Sapiente voluptas architecto in dolorem et aut. Natus delectus est ab possimus quia vel.',1,'2018-04-19 10:48:02','2018-04-19 10:48:02'),
	(178,39,'Marcia Breitenberg Jr.','Est non est itaque nemo repudiandae earum. Dolores sint delectus sit qui. Illum ea dolore placeat ipsum dolores praesentium vel. Ad quibusdam quod nobis hic.',4,'2018-04-19 10:48:02','2018-04-19 10:48:02'),
	(179,17,'Roberta Daugherty PhD','In repudiandae omnis est consequatur. Velit saepe odit aut praesentium consequatur aut cupiditate. Commodi quisquam enim qui.',0,'2018-04-19 10:48:02','2018-04-19 10:48:02'),
	(180,35,'Mrs. Lia Dibbert','Iure minus aliquam fuga natus magni accusantium beatae. Unde nulla consectetur incidunt vero alias voluptas.',2,'2018-04-19 10:48:02','2018-04-19 10:48:02'),
	(181,26,'Prof. Rickey Cummings','Sint qui et ipsum voluptas voluptatem numquam dicta. Omnis itaque eos aspernatur sit atque qui nam. Cumque modi distinctio dolore perferendis praesentium fugiat. Ut vel eaque consequatur nihil.',4,'2018-04-19 10:48:02','2018-04-19 10:48:02'),
	(182,26,'Mrs. Imogene Gusikowski DVM','Sit in dolorem eligendi qui sunt non vitae. Amet dolor sunt reprehenderit aut qui ut ut. Et iusto consectetur est sit dolorem occaecati sit.',3,'2018-04-19 10:48:02','2018-04-19 10:48:02'),
	(183,14,'Magali Johns','Dicta velit dolorem id sint. Dicta voluptas temporibus accusantium laudantium. Delectus sint quas odit sunt dolor molestiae. Quia aspernatur ducimus neque possimus et et cumque.',5,'2018-04-19 10:48:02','2018-04-19 10:48:02'),
	(184,41,'Prof. Emanuel Daniel I','Explicabo voluptas sapiente corporis et velit ipsum. Veritatis explicabo quo excepturi. Sed laudantium qui impedit accusantium vero. Ipsum rerum consequuntur sint blanditiis perferendis iure consequatur.',0,'2018-04-19 10:48:02','2018-04-19 10:48:02'),
	(185,40,'Soledad Dibbert','Accusamus ab nulla id soluta vel. Libero voluptatem doloribus aut totam. Delectus corrupti nesciunt expedita eligendi eum.',0,'2018-04-19 10:48:02','2018-04-19 10:48:02'),
	(186,23,'Dr. Brant Rodriguez II','Rerum vero neque beatae eligendi. Omnis voluptatem a aut impedit. At consequatur perspiciatis dolores omnis. Amet dolorem rem omnis nam voluptatem laboriosam.',4,'2018-04-19 10:48:02','2018-04-19 10:48:02'),
	(187,27,'Alexandra Schimmel','Qui laboriosam non animi libero animi reprehenderit ut. Quia dolores nobis tenetur. Et sunt debitis dicta consectetur. Minima ipsa ipsam consequuntur quas sunt ipsum modi.',1,'2018-04-19 10:48:02','2018-04-19 10:48:02'),
	(188,40,'Zola Lowe','Quae dicta possimus cumque qui a officiis voluptatem. Ab et esse dolorum ipsam consequuntur rem. Magnam sit voluptate reprehenderit amet dolorem quod vel eveniet. Necessitatibus nam saepe eum voluptas possimus.',2,'2018-04-19 10:48:02','2018-04-19 10:48:02'),
	(189,12,'Adela Herzog','Odit fugiat ut ipsam libero. Deleniti blanditiis ea omnis nemo non id veniam. Quis officiis beatae id itaque. Mollitia rerum similique qui saepe officiis magni totam.',2,'2018-04-19 10:48:02','2018-04-19 10:48:02'),
	(190,13,'Melyssa Larkin','Aliquid voluptas temporibus reiciendis numquam labore omnis eligendi. Voluptate qui qui enim alias et repudiandae. Enim quaerat dolor pariatur expedita qui ad. Cupiditate fuga voluptate vitae et nihil.',2,'2018-04-19 10:48:02','2018-04-19 10:48:02'),
	(191,44,'Clifton Harber MD','Consectetur consequuntur ut enim molestiae voluptates aut dolorem laboriosam. Qui suscipit ut aut voluptas neque minus accusamus. Voluptatum necessitatibus recusandae est voluptatem. Dolorum aliquid qui ut quisquam similique ut.',5,'2018-04-19 10:48:02','2018-04-19 10:48:02'),
	(192,1,'Prof. Deborah Kutch','Neque aspernatur autem ea. Vero deleniti nihil facilis possimus est et asperiores. Quibusdam eligendi omnis deleniti aut aut. Fugiat non tempore voluptatibus facere et.',0,'2018-04-19 10:48:02','2018-04-19 10:48:02'),
	(193,7,'Dr. Ardith Pouros DVM','Ea consequatur omnis praesentium quas magnam dignissimos. Esse in quia itaque dolorum eum et aut. Natus tempora incidunt est consequuntur et.',0,'2018-04-19 10:48:02','2018-04-19 10:48:02'),
	(194,32,'Aubrey Rowe Jr.','Sunt nobis earum deserunt dignissimos. Quia sed excepturi facere optio nemo fuga facere.',3,'2018-04-19 10:48:02','2018-04-19 10:48:02'),
	(195,4,'Fannie Howell','Debitis eum consequatur ex numquam placeat est dolores qui. Odit natus quod in odio quos. Exercitationem alias non qui sunt autem eaque.',5,'2018-04-19 10:48:02','2018-04-19 10:48:02'),
	(196,18,'Gay Rath','Veniam assumenda voluptatem libero dolorem. Nesciunt soluta aut in ut. Qui occaecati laborum quia occaecati accusantium. Laudantium consectetur esse neque id autem accusamus.',2,'2018-04-19 10:48:02','2018-04-19 10:48:02'),
	(197,46,'Ms. Ebony Bruen I','Quibusdam sint officiis laborum dolorem vel qui magni rerum. Impedit excepturi sit voluptatem quis ullam minus quo.',2,'2018-04-19 10:48:02','2018-04-19 10:48:02'),
	(198,10,'Dahlia Lesch','Impedit quia iste repellat velit est. Id nobis perferendis necessitatibus excepturi perferendis et doloribus. Molestiae nulla autem et. Explicabo sapiente accusamus omnis qui. Earum laborum magni harum aut.',5,'2018-04-19 10:48:02','2018-04-19 10:48:02'),
	(199,33,'Hollie Bednar','Consequatur quam sunt aliquam vel vel. Nisi natus cumque quia ipsum. Numquam placeat animi voluptas quia magnam cumque aperiam. Et consequatur totam est sunt sint ad omnis.',5,'2018-04-19 10:48:02','2018-04-19 10:48:02'),
	(200,13,'Savanah Altenwerth','Et labore quas non quis. Eius exercitationem maxime debitis officia asperiores quidem qui. Dignissimos voluptate aut dolorem atque. Minus et officiis soluta assumenda eaque sit quidem.',2,'2018-04-19 10:48:02','2018-04-19 10:48:02'),
	(201,32,'Lisa Kunze MD','Illum debitis rerum sit aut qui. Nobis odio necessitatibus quia natus corporis. Voluptatum eius expedita eos at. Ipsum non error id quo aspernatur in vel.',5,'2018-04-19 10:48:02','2018-04-19 10:48:02'),
	(202,27,'Noelia Hudson','Et ut nisi tempore magnam esse atque maxime voluptas. Esse provident nisi soluta eum veritatis. Illo nam et labore ipsam voluptatem magnam esse quibusdam.',5,'2018-04-19 10:48:02','2018-04-19 10:48:02'),
	(203,37,'Kaitlyn Hoppe','Quaerat qui iste unde. Pariatur numquam culpa repudiandae qui animi quibusdam non. Placeat quis id repellat praesentium. Doloremque voluptatem et reprehenderit ad quia incidunt.',0,'2018-04-19 10:48:02','2018-04-19 10:48:02'),
	(204,47,'Dr. Lyda McClure','Ut commodi quibusdam delectus reprehenderit ducimus voluptatum nobis. Aut doloremque nobis quas rem quaerat. Quia sint pariatur vel id nulla exercitationem necessitatibus.',2,'2018-04-19 10:48:02','2018-04-19 10:48:02'),
	(205,39,'Mrs. Myrtice Frami Sr.','Consequatur laborum necessitatibus qui reprehenderit odio sint. Nesciunt veniam sed quae suscipit sed vero. Voluptatem consequatur et qui provident in. Ea repudiandae ut ut tempore.',3,'2018-04-19 10:48:02','2018-04-19 10:48:02'),
	(206,37,'Ubaldo Cruickshank','Cum ab ipsam ex veritatis. Et quia quod autem. Porro distinctio non suscipit dicta odit excepturi earum. Ut distinctio cumque accusamus laboriosam. Excepturi eligendi explicabo est rerum ex quibusdam.',3,'2018-04-19 10:48:02','2018-04-19 10:48:02'),
	(207,28,'Yasmeen Dooley','Nostrum voluptatibus laudantium voluptatem eos est enim nemo. Consequatur quaerat voluptas hic. Fugiat rerum facere perferendis. Blanditiis at et sunt harum earum aut.',2,'2018-04-19 10:48:02','2018-04-19 10:48:02'),
	(208,16,'Harley Kertzmann','Aut cum qui placeat labore consequuntur atque quod dolores. Sint excepturi aut vitae exercitationem numquam aut vel. Dolores impedit aliquam aut esse. Ut saepe mollitia ut maiores.',2,'2018-04-19 10:48:02','2018-04-19 10:48:02'),
	(209,15,'Raven Borer','Tempore dolores dolorum eaque labore omnis et. Officiis possimus repellat quos et eum reprehenderit. Perferendis dolor odit aut beatae repudiandae ipsa molestiae at.',5,'2018-04-19 10:48:02','2018-04-19 10:48:02'),
	(210,38,'Prof. Madisyn Barton','Dicta voluptas vero nobis dolorem exercitationem veniam dignissimos. In aut omnis ut quis rerum ratione. Sint error consequatur hic et quam vero eaque.',0,'2018-04-19 10:48:02','2018-04-19 10:48:02'),
	(211,47,'Louvenia Haag','Unde odio dolores veniam rem veniam numquam reiciendis fuga. Temporibus illum natus maiores est possimus omnis. Qui porro facere debitis omnis. Amet ullam maxime perferendis odio.',0,'2018-04-19 10:48:02','2018-04-19 10:48:02'),
	(212,15,'Jeremy Doyle','Rerum facere quisquam quam autem et. Culpa ipsa quae et autem et ut debitis quasi.',4,'2018-04-19 10:48:02','2018-04-19 10:48:02'),
	(213,26,'Coy Dooley DVM','Sit ipsum odit cum et omnis. Quibusdam nulla odio sit magnam. Blanditiis autem saepe voluptatibus eveniet vero corporis illum. Excepturi culpa illum voluptas voluptas.',4,'2018-04-19 10:48:02','2018-04-19 10:48:02'),
	(214,34,'Alphonso Hodkiewicz','Cum ut et hic unde accusantium. Quia iure odit est. Qui aut dolores dolorem dolor pariatur dignissimos aut. Voluptatem nisi provident eius eligendi.',0,'2018-04-19 10:48:02','2018-04-19 10:48:02'),
	(215,27,'Prof. Theodora Walsh III','Quas quia iure explicabo. Quia minus enim amet commodi id. Ex voluptas vel magnam qui saepe.',1,'2018-04-19 10:48:02','2018-04-19 10:48:02'),
	(216,31,'Prof. Shaylee Stiedemann','Rerum aliquam et dicta in quo consequatur molestiae. Libero corporis blanditiis sit qui error esse. Illum necessitatibus et saepe iusto laudantium dignissimos. Eos asperiores eos omnis non.',2,'2018-04-19 10:48:02','2018-04-19 10:48:02'),
	(217,11,'Orval Schuppe','Facilis veniam et voluptatum. Quia sunt laborum id quos culpa quo id. Repellat quos sunt recusandae fugit est.',3,'2018-04-19 10:48:02','2018-04-19 10:48:02'),
	(218,13,'Lexie Rippin Sr.','Impedit aut est rerum ipsum ex perferendis sed. Illum fugiat tempore qui beatae.',5,'2018-04-19 10:48:02','2018-04-19 10:48:02'),
	(219,36,'Mr. Gideon Orn MD','Accusantium asperiores pariatur blanditiis voluptas sapiente quisquam. Similique sint non qui modi. Minus porro velit explicabo nemo quia. Dolor occaecati animi saepe vel architecto iure esse. Consequatur alias incidunt error aut.',0,'2018-04-19 10:48:02','2018-04-19 10:48:02'),
	(220,15,'Sarina Volkman','Voluptatem dignissimos doloremque sed qui. Aliquam at cupiditate nihil at sint. Adipisci assumenda soluta consequatur aut non autem.',3,'2018-04-19 10:48:02','2018-04-19 10:48:02'),
	(221,20,'Irving Parker','Accusantium sapiente ipsa sint asperiores. Perferendis harum est dignissimos praesentium sed molestiae quam aut. Ab consequatur eius fugiat facilis officiis voluptatum. Ea alias qui aliquam sit laboriosam vero asperiores neque.',1,'2018-04-19 10:48:02','2018-04-19 10:48:02'),
	(222,21,'Mrs. Estel Brakus DVM','Et saepe in non sed earum quia. Quis iste aut distinctio et sint quia et. Ut nisi non totam vel.',3,'2018-04-19 10:48:02','2018-04-19 10:48:02'),
	(223,26,'Jodie Bartell','Doloremque dignissimos rem voluptatem voluptatem omnis earum. Laborum perspiciatis sunt quisquam rerum debitis enim enim provident. Voluptatem expedita dolores aut mollitia a sed.',1,'2018-04-19 10:48:02','2018-04-19 10:48:02'),
	(224,3,'Effie Wolff III','Quasi reprehenderit qui vero sint quia. Ullam aut architecto minima id blanditiis ducimus voluptas. Cumque maiores consequuntur labore quia quibusdam.',0,'2018-04-19 10:48:02','2018-04-19 10:48:02'),
	(225,29,'Prof. Chanel Herzog','Iusto dolore tempore rerum doloribus officiis. Rerum ratione minus voluptatem autem asperiores in laborum. Quia et animi ullam. Rerum eaque modi voluptas libero.',2,'2018-04-19 10:48:02','2018-04-19 10:48:02'),
	(226,21,'Anissa Cummings','Quasi id placeat ut dignissimos expedita consequatur repellendus ut. Ea error natus repellendus vero ea. Praesentium possimus placeat vel.',0,'2018-04-19 10:48:02','2018-04-19 10:48:02'),
	(227,36,'Mrs. Margot Dach','Unde et facere minus doloremque omnis. Facere est aperiam voluptas. Minus libero at officia eos. Ullam ducimus in quae rerum placeat. Sint hic veritatis et iure animi.',0,'2018-04-19 10:48:02','2018-04-19 10:48:02'),
	(228,19,'Marietta Bergstrom','Officiis velit tenetur rerum ea. Et modi quisquam deserunt impedit. Suscipit et labore dolorem sint.',2,'2018-04-19 10:48:02','2018-04-19 10:48:02'),
	(229,35,'Marlon Bauch','Quo sed pariatur voluptatem est culpa voluptatem enim dolor. Quia numquam reiciendis qui modi quam. Id distinctio tempore nihil et perspiciatis aut. Quia enim amet vel ut.',3,'2018-04-19 10:48:02','2018-04-19 10:48:02'),
	(230,12,'Fredy Lowe','Ut distinctio quae quis voluptas sunt porro. Autem quisquam accusamus esse. Tempora qui consequuntur voluptates occaecati similique.',5,'2018-04-19 10:48:02','2018-04-19 10:48:02'),
	(231,29,'Dee Breitenberg','Et aliquid quis officia ut et nemo quo. Sint repellendus facere iure praesentium quisquam ipsum rerum. Dignissimos praesentium in doloribus qui.',2,'2018-04-19 10:48:02','2018-04-19 10:48:02'),
	(232,21,'Glenda Mueller','Laborum sed sint non vero est. Nihil sint vitae omnis necessitatibus quidem. Alias enim qui natus atque et fugit. Et placeat quidem veniam occaecati rem possimus blanditiis.',4,'2018-04-19 10:48:02','2018-04-19 10:48:02'),
	(233,7,'Ms. Sabrina Leffler','Alias hic saepe voluptas. Rerum odit sunt consequatur vel. Ducimus sed possimus suscipit et officia.',5,'2018-04-19 10:48:02','2018-04-19 10:48:02'),
	(234,1,'Mrs. Lurline Ernser MD','Quis eos occaecati at ut. Nostrum incidunt consequatur nemo dignissimos. Sequi illo ut odio laboriosam. Voluptates deserunt aspernatur cupiditate dignissimos eos ut quibusdam. Quas illo dolores quisquam facere.',5,'2018-04-19 10:48:02','2018-04-19 10:48:02'),
	(235,47,'Annabelle Rogahn','Minus adipisci commodi optio modi repudiandae. Qui iure consequatur qui necessitatibus quam mollitia. In sit quas dolores voluptas consequatur possimus repellat non. Reprehenderit reiciendis harum non occaecati.',0,'2018-04-19 10:48:02','2018-04-19 10:48:02'),
	(236,11,'Dane Boehm','Quo consequatur provident omnis odio deserunt. Rem odit molestias maiores qui dolores et est. Sint esse molestias similique minus deserunt.',2,'2018-04-19 10:48:02','2018-04-19 10:48:02'),
	(237,16,'Mr. Nick Ritchie II','Autem minima excepturi numquam est. Alias et harum voluptatum. Quia autem molestiae porro accusamus.',1,'2018-04-19 10:48:02','2018-04-19 10:48:02'),
	(238,19,'Earlene Hahn','Molestiae architecto facere omnis quas. Tenetur autem consequatur animi iure officiis tempore. Officiis praesentium excepturi autem atque aliquam.',4,'2018-04-19 10:48:02','2018-04-19 10:48:02'),
	(239,34,'Margarete Schuster','Aliquid qui consectetur repellendus quaerat fuga. Sit quisquam nostrum vel impedit. Quidem adipisci quis occaecati cupiditate minima distinctio. Culpa delectus voluptatum pariatur fuga soluta architecto.',1,'2018-04-19 10:48:02','2018-04-19 10:48:02'),
	(240,33,'Magali Skiles','Enim aspernatur rerum animi. Sint quis natus ipsum quisquam aut tempore sint. Harum animi modi aut. Veniam et sed dicta nisi voluptas odit. Optio voluptatum quo qui dolor qui pariatur.',0,'2018-04-19 10:48:02','2018-04-19 10:48:02'),
	(241,12,'Prof. Korey Rempel','Minus eveniet nihil atque sed. Ad id provident nostrum commodi dolore aut. Officia quod suscipit aut ducimus iure.',5,'2018-04-19 10:48:02','2018-04-19 10:48:02'),
	(242,5,'Prof. Bill Hilll','Et laboriosam voluptatum esse voluptatibus ex eaque deleniti. Laudantium inventore quaerat eius. Qui ullam sed quo quam fuga natus sint. Numquam dolor vero nostrum illo aperiam consequatur.',4,'2018-04-19 10:48:02','2018-04-19 10:48:02'),
	(243,47,'Ruth Kuhlman','Ipsa qui vel eos earum possimus voluptas nesciunt. Doloremque maxime nostrum harum et hic non aperiam.',3,'2018-04-19 10:48:02','2018-04-19 10:48:02'),
	(244,3,'Jayda Bogan','Laborum est fugit et et. Ea est consectetur distinctio ut quia dolores incidunt. Ut dolores recusandae qui rem et consequatur ipsum. Magnam delectus tenetur nihil perferendis.',3,'2018-04-19 10:48:02','2018-04-19 10:48:02'),
	(245,2,'Desmond Leffler','Quia aut molestias magnam eius ea vitae nemo. Rerum rerum totam est minus quae cupiditate. Tempore nam voluptatem nam doloribus asperiores occaecati accusamus at.',1,'2018-04-19 10:48:02','2018-04-19 10:48:02'),
	(246,31,'Mackenzie Gusikowski','Enim quis nisi et et error rerum porro. Atque omnis est consequatur incidunt sed eum rerum. Est deleniti harum maxime ea cumque.',1,'2018-04-19 10:48:02','2018-04-19 10:48:02'),
	(247,48,'Cooper Koelpin','Sint illum nobis culpa iste. Voluptatem quis sed perferendis quo dolores. Eum enim est reiciendis aliquid.',1,'2018-04-19 10:48:02','2018-04-19 10:48:02'),
	(248,15,'Jade Lueilwitz Jr.','Praesentium ut asperiores dolorem culpa et nulla ratione voluptatibus. Et consequatur assumenda et et architecto explicabo. Quam sed ab aut in porro cum ratione. Voluptatem adipisci aliquam sequi et dolor quas voluptatibus tenetur.',5,'2018-04-19 10:48:02','2018-04-19 10:48:02'),
	(249,21,'Prof. Ivah DuBuque','Perferendis omnis omnis laborum sed ratione ut placeat eum. Omnis velit architecto quo ut. Suscipit laudantium dolorem neque harum id ea. Beatae earum quasi officiis qui rerum. Qui et molestias magni placeat saepe necessitatibus aut quisquam.',1,'2018-04-19 10:48:02','2018-04-19 10:48:02'),
	(250,34,'Prof. Logan Davis II','Ex animi deserunt voluptate ipsum at. Ex molestias quas quisquam quasi provident suscipit. Iure ea natus rerum nostrum consequatur.',3,'2018-04-19 10:48:02','2018-04-19 10:48:02'),
	(251,21,'Ms. Loraine Kertzmann','Non eligendi accusantium fugiat aspernatur omnis in aut. Vel minima dolorum accusantium nesciunt ipsam consectetur. Quam repellendus quas aut aut repellat ea.',2,'2018-04-19 10:48:02','2018-04-19 10:48:02'),
	(252,48,'Zola Lindgren','Ipsum modi rerum quia dolores voluptatem. Iste nobis qui accusamus aut id ea illo dignissimos. Sed nihil similique odit sit quia quia voluptas. Aut rem quis ad necessitatibus perspiciatis voluptatem iusto perspiciatis.',5,'2018-04-19 10:48:02','2018-04-19 10:48:02'),
	(253,44,'Ms. Shaylee Gusikowski Sr.','Fugit soluta repellat beatae adipisci fugit aliquid qui aut. Magni et consequatur a. Et quod et doloremque ea et nesciunt nesciunt. Mollitia eius sunt eum.',3,'2018-04-19 10:48:02','2018-04-19 10:48:02'),
	(254,2,'Jackie Gorczany','Consequatur explicabo neque eligendi cum perspiciatis et. Repudiandae illo possimus iusto. Aut nisi dignissimos corporis vel.',4,'2018-04-19 10:48:02','2018-04-19 10:48:02'),
	(255,2,'Joanie Ledner DDS','Aperiam qui accusantium suscipit exercitationem quae. Quia autem est quis tenetur quia minus nihil assumenda. Consequatur ut molestiae similique.',2,'2018-04-19 10:48:02','2018-04-19 10:48:02'),
	(256,37,'Rebekah Herman','Voluptatem incidunt enim consequuntur harum vero nulla. Dolor rerum consectetur repudiandae et eveniet aliquam. Dolores voluptatibus modi dolor aut voluptatem aspernatur. Dicta numquam cumque vel ut ex neque commodi.',1,'2018-04-19 10:48:02','2018-04-19 10:48:02'),
	(257,14,'Moises Greenholt','Reprehenderit quo voluptas non libero optio autem voluptatum. Sit ad voluptatibus nam qui possimus quia. Voluptatibus accusantium ut harum odio qui et mollitia. Nisi modi nesciunt voluptas consectetur ut.',4,'2018-04-19 10:48:02','2018-04-19 10:48:02'),
	(258,44,'Paige Howell','Id vitae quo natus omnis autem repellendus ex quas. In impedit placeat omnis et blanditiis. Esse itaque blanditiis laudantium delectus dolor perferendis omnis.',3,'2018-04-19 10:48:02','2018-04-19 10:48:02'),
	(259,32,'Prof. Abby Nitzsche','Nihil aliquam harum error quos quo ad sit. Reiciendis ea perspiciatis sit labore dolores. Eum et ut sit vero similique qui.',0,'2018-04-19 10:48:02','2018-04-19 10:48:02'),
	(260,23,'Rosemary Herzog','Magni nihil quia ullam inventore consequatur possimus molestiae eius. Facilis ab deleniti doloremque animi. Dolorum omnis consequatur libero cum eos. In illum cum quasi et est nam.',5,'2018-04-19 10:48:02','2018-04-19 10:48:02'),
	(261,49,'Hunter Hoeger','Voluptas accusamus eum minima. Blanditiis nobis enim reprehenderit numquam. Officia et facere sed animi expedita.',3,'2018-04-19 10:48:02','2018-04-19 10:48:02'),
	(262,9,'Mr. D\'angelo Moore','Praesentium omnis voluptatem aut nam illo in. Et cumque rerum deleniti aut ut provident.',3,'2018-04-19 10:48:02','2018-04-19 10:48:02'),
	(263,5,'Ward Raynor I','Enim repellendus commodi consequatur saepe sed quasi. Assumenda molestiae ut cum modi distinctio commodi quis. Est voluptatem ipsum vitae mollitia illo voluptatem. Animi fugit et quod et.',2,'2018-04-19 10:48:02','2018-04-19 10:48:02'),
	(264,41,'Lucious Russel','Maiores modi et aut impedit corrupti. Aut qui voluptas et nemo. Possimus illum aut quia aperiam qui. Molestiae vel placeat iure.',4,'2018-04-19 10:48:02','2018-04-19 10:48:02'),
	(265,42,'Alejandrin Murphy','Tempora perspiciatis aut placeat illum eligendi. Sapiente aliquid sunt sequi enim. Voluptatum perferendis nisi eum cum. In est explicabo voluptatem maxime enim voluptate.',3,'2018-04-19 10:48:02','2018-04-19 10:48:02'),
	(266,12,'Cathryn Mertz DVM','Reprehenderit omnis fugiat non. Ut accusantium dolorem dolorum corporis aliquam. Quos sit facere aut aperiam officia ut. Architecto vel explicabo voluptatem non reiciendis.',4,'2018-04-19 10:48:02','2018-04-19 10:48:02'),
	(267,34,'Camryn Bode II','Dolores quaerat et fugit. Delectus molestiae quaerat error aut voluptas neque et. Quibusdam magnam facilis fugit nihil debitis. Ut itaque et velit ut.',4,'2018-04-19 10:48:02','2018-04-19 10:48:02'),
	(268,1,'Brent Jacobs','Accusantium tenetur deleniti rerum illo quam dolores architecto. Nemo ut asperiores commodi deserunt tempora iusto dolor. Tempore provident facere et eius ipsa. Ullam et rerum qui laudantium rerum neque est.',3,'2018-04-19 10:48:02','2018-04-19 10:48:02'),
	(269,4,'Prof. Lonzo Romaguera','Adipisci sunt magnam commodi iusto itaque est fugiat. Sapiente voluptas quaerat sed rerum sequi. Blanditiis enim nisi consequuntur impedit sit error ex expedita. Officiis qui maxime et quis.',3,'2018-04-19 10:48:02','2018-04-19 10:48:02'),
	(270,50,'Miss Rosalyn Ritchie II','Ad sit minima beatae quas eum. Totam voluptatem nisi aliquam repellat dolorem laboriosam eum. Vitae error ducimus tempore recusandae ab quisquam quis. Et a excepturi quisquam.',2,'2018-04-19 10:48:02','2018-04-19 10:48:02'),
	(271,23,'Joan Robel','Dolorem voluptatem ea nihil et autem mollitia. Quasi nihil porro non veritatis aliquam velit rerum molestias. Qui in fuga sint neque qui earum.',0,'2018-04-19 10:48:02','2018-04-19 10:48:02'),
	(272,45,'Prof. Rebeca Christiansen','Earum et non blanditiis. Unde provident ratione adipisci ut ipsum.',0,'2018-04-19 10:48:02','2018-04-19 10:48:02'),
	(273,42,'Miss Iva Hackett Jr.','Perspiciatis et earum nisi deleniti qui voluptatem. Et quidem consequatur odio. Explicabo dolor illum quas doloribus ut incidunt qui. Eligendi eum temporibus illum. Recusandae voluptatum iste qui tempora nihil minus itaque.',1,'2018-04-19 10:48:02','2018-04-19 10:48:02'),
	(274,17,'Daisha Bechtelar','Quis animi dolor aliquid ut. In laborum laborum dicta non. Est doloremque sint quidem eligendi et inventore. Magni quas aut autem repellat.',3,'2018-04-19 10:48:02','2018-04-19 10:48:02'),
	(275,2,'Roxanne Davis','Iste et tempora id saepe. Vel consequatur quam dolor quibusdam occaecati laudantium accusantium. Illo aut consectetur modi ut. Qui odio eos iste quo qui quod.',3,'2018-04-19 10:48:02','2018-04-19 10:48:02'),
	(276,8,'Randall Watsica DVM','Maiores eligendi et ut aut dolorem. Ullam libero odio ab. Quia veritatis tenetur nam modi et quis inventore. Molestiae reiciendis et assumenda dolor quam itaque sit ad.',3,'2018-04-19 10:48:02','2018-04-19 10:48:02'),
	(277,36,'Jess Wisoky','Occaecati rerum neque quasi magnam voluptas ducimus. Dicta ducimus saepe quia aliquam repudiandae. Sed alias dignissimos rerum esse est ea. Deserunt quia at magni est commodi et omnis.',1,'2018-04-19 10:48:02','2018-04-19 10:48:02'),
	(278,19,'Maurine Murazik','Ut dolor debitis culpa nihil velit. Pariatur ea fugiat dicta asperiores. Ut repellat quasi voluptate officia id. Commodi voluptatem delectus non culpa asperiores.',5,'2018-04-19 10:48:02','2018-04-19 10:48:02'),
	(279,20,'Marco Gaylord','Ratione corporis fuga et id nisi. Et amet aperiam dignissimos assumenda magni.',5,'2018-04-19 10:48:02','2018-04-19 10:48:02'),
	(280,6,'Sofia Pollich','Sit doloribus minus et quas. Distinctio dolores voluptas nobis nihil ratione saepe. Sint dolorum alias cum itaque. Beatae tempore quia nostrum autem voluptatum fugit.',1,'2018-04-19 10:48:02','2018-04-19 10:48:02'),
	(281,23,'Yesenia DuBuque PhD','Autem velit corrupti id et numquam eum ut. Est optio doloremque modi vitae aliquam dolor facilis eveniet. Velit commodi animi ea. Iusto suscipit minima atque voluptas molestiae rem ex.',0,'2018-04-19 10:48:02','2018-04-19 10:48:02'),
	(282,30,'Mrs. Kaya Pouros Sr.','Repellendus nam quod voluptatem veniam. Voluptatibus similique ea aliquam. Dolorem qui a qui magni veniam sed. Corrupti quia dignissimos in non sapiente.',3,'2018-04-19 10:48:02','2018-04-19 10:48:02'),
	(283,32,'Rosa Anderson','Reprehenderit modi sit est magnam facilis. Autem qui magnam aut. Ducimus quos aut dolorem perferendis. Quas explicabo quisquam non dolorem dolores. Reiciendis quia est qui nihil repudiandae quia.',1,'2018-04-19 10:48:02','2018-04-19 10:48:02'),
	(284,32,'Miss Josefina Cremin Sr.','Sequi numquam porro aut et alias nihil. Quam dolor vel optio eveniet doloribus ut. Quos ratione odio eum omnis ipsa debitis.',3,'2018-04-19 10:48:02','2018-04-19 10:48:02'),
	(285,45,'Belle Harvey','Repellendus quibusdam ea ab ut. Ipsum inventore fuga eum quis impedit. Et eos est consequatur eaque. Numquam rem ipsa animi omnis commodi tempora et.',1,'2018-04-19 10:48:02','2018-04-19 10:48:02'),
	(286,3,'Orin Cormier','Commodi modi expedita maiores voluptatibus delectus nesciunt suscipit. Et molestiae amet distinctio minus velit aliquam. Possimus rem delectus consequatur itaque fuga.',0,'2018-04-19 10:48:02','2018-04-19 10:48:02'),
	(287,24,'Billie Rodriguez','Voluptas voluptatem et aut voluptas maiores. Deserunt aperiam dicta earum autem quos ipsa. Impedit dolorem itaque velit nam nihil ex.',1,'2018-04-19 10:48:02','2018-04-19 10:48:02'),
	(288,32,'Rocio Halvorson III','Porro commodi quis ipsam inventore qui voluptatum. Dolor error quae distinctio autem aut amet. Ducimus aliquam et recusandae illo architecto dolorem totam. Nostrum voluptatem non nemo temporibus. Perferendis id est voluptatem similique aut doloribus vel.',3,'2018-04-19 10:48:02','2018-04-19 10:48:02'),
	(289,14,'Camille Stanton','Necessitatibus ipsam itaque et et modi molestias neque autem. Quia ratione fugit unde quo rem architecto. Sed quis cupiditate laboriosam dolor.',1,'2018-04-19 10:48:02','2018-04-19 10:48:02'),
	(290,46,'Ms. Heloise Kunze DVM','Reprehenderit fugiat aut et vel aliquam. Ab aliquam voluptatem minima necessitatibus ex deserunt voluptatibus. Repellat necessitatibus modi fugit dolor rem nihil.',0,'2018-04-19 10:48:02','2018-04-19 10:48:02'),
	(291,42,'Dr. Gillian Morissette','Accusamus eaque aut placeat rerum voluptates fuga. Eaque officiis modi aliquam perferendis est repudiandae eos quibusdam. Voluptas consequuntur adipisci veniam et id atque laborum. Similique natus nulla omnis ducimus nisi odit voluptatem.',4,'2018-04-19 10:48:02','2018-04-19 10:48:02'),
	(292,13,'Ms. Laisha Langosh','Possimus cupiditate et a commodi officia. Assumenda iusto nulla dolor. Quo facilis eaque deleniti aut tempore ratione consequatur. Sit praesentium cum placeat non cum voluptate.',3,'2018-04-19 10:48:02','2018-04-19 10:48:02'),
	(293,35,'Sam Mante Jr.','Dolor pariatur nisi quaerat. Cupiditate nemo quia iusto est animi autem similique modi. At autem quasi et doloribus omnis autem. Id mollitia debitis temporibus amet ipsum.',5,'2018-04-19 10:48:02','2018-04-19 10:48:02'),
	(294,29,'Kenya Thompson DVM','Delectus ad omnis inventore ut ad officia. Eum sequi corporis aut rem quas. Exercitationem aut et quod aliquid.',1,'2018-04-19 10:48:02','2018-04-19 10:48:02'),
	(295,7,'Judd Ratke','Quos inventore sit enim quidem est. Consequatur voluptatibus saepe et deserunt totam quis. Nihil enim sed ut et fugit quasi itaque minus. Officia quia aut quaerat in laboriosam deserunt sequi qui.',3,'2018-04-19 10:48:02','2018-04-19 10:48:02'),
	(296,12,'Lelia Sauer','Numquam assumenda nihil alias consequatur sed. Laudantium blanditiis suscipit eius. Praesentium ea doloremque quaerat aperiam. Ullam non voluptatibus ut.',2,'2018-04-19 10:48:02','2018-04-19 10:48:02'),
	(297,30,'Karli Trantow','Et aut ab ipsa. Ut consequuntur tempore quisquam. Sit est veniam facilis accusamus eum rerum rerum. Nisi tempora sunt quasi sequi a illo quia repudiandae.',0,'2018-04-19 10:48:02','2018-04-19 10:48:02'),
	(298,10,'Moshe Stiedemann','Quos deserunt corporis aut numquam et repudiandae cumque. Sit et quo cupiditate consectetur. Voluptatum officia enim fuga. Sunt facilis a dolores blanditiis ducimus id illum.',4,'2018-04-19 10:48:02','2018-04-19 10:48:02'),
	(299,43,'Antwan Brakus DDS','Nihil aliquam et nisi. Fugiat et rerum impedit et ex ea.',3,'2018-04-19 10:48:02','2018-04-19 10:48:02'),
	(300,47,'Elian Sipes PhD','Quam quia qui optio iusto eum qui. Non unde eum ut. Dolorem dolores dicta dolor est odio aut.',2,'2018-04-19 10:48:02','2018-04-19 10:48:02');

/*!40000 ALTER TABLE `reviews` ENABLE KEYS */;
UNLOCK TABLES;


# Dump of table users
# ------------------------------------------------------------

DROP TABLE IF EXISTS `users`;

CREATE TABLE `users` (
  `id` int(10) unsigned NOT NULL AUTO_INCREMENT,
  `name` varchar(255) COLLATE utf8mb4_unicode_ci NOT NULL,
  `email` varchar(255) COLLATE utf8mb4_unicode_ci NOT NULL,
  `password` varchar(255) COLLATE utf8mb4_unicode_ci NOT NULL,
  `remember_token` varchar(100) COLLATE utf8mb4_unicode_ci DEFAULT NULL,
  `created_at` timestamp NULL DEFAULT NULL,
  `updated_at` timestamp NULL DEFAULT NULL,
  PRIMARY KEY (`id`),
  UNIQUE KEY `users_email_unique` (`email`)
) ENGINE=InnoDB DEFAULT CHARSET=utf8mb4 COLLATE=utf8mb4_unicode_ci;




/*!40111 SET SQL_NOTES=@OLD_SQL_NOTES */;
/*!40101 SET SQL_MODE=@OLD_SQL_MODE */;
/*!40014 SET FOREIGN_KEY_CHECKS=@OLD_FOREIGN_KEY_CHECKS */;
/*!40101 SET CHARACTER_SET_CLIENT=@OLD_CHARACTER_SET_CLIENT */;
/*!40101 SET CHARACTER_SET_RESULTS=@OLD_CHARACTER_SET_RESULTS */;
/*!40101 SET COLLATION_CONNECTION=@OLD_COLLATION_CONNECTION */;
