-- --------------------------------------------------------
-- Host:                         127.0.0.1
-- Server version:               10.1.31-MariaDB - mariadb.org binary distribution
-- Server OS:                    Win32
-- HeidiSQL Version:             9.4.0.5125
-- --------------------------------------------------------

/*!40101 SET @OLD_CHARACTER_SET_CLIENT=@@CHARACTER_SET_CLIENT */;
/*!40101 SET NAMES utf8 */;
/*!50503 SET NAMES utf8mb4 */;
/*!40014 SET @OLD_FOREIGN_KEY_CHECKS=@@FOREIGN_KEY_CHECKS, FOREIGN_KEY_CHECKS=0 */;
/*!40101 SET @OLD_SQL_MODE=@@SQL_MODE, SQL_MODE='NO_AUTO_VALUE_ON_ZERO' */;


-- Dumping database structure for LaravelECommerceRestfulAPI_db
CREATE DATABASE IF NOT EXISTS `laravelecommercerestfulapi_db` /*!40100 DEFAULT CHARACTER SET utf8 */;
USE `LaravelECommerceRestfulAPI_db`;

-- Dumping structure for table LaravelECommerceRestfulAPI_db.migrations
DROP TABLE IF EXISTS `migrations`;
CREATE TABLE IF NOT EXISTS `migrations` (
  `id` int(10) unsigned NOT NULL AUTO_INCREMENT,
  `migration` varchar(191) COLLATE utf8mb4_unicode_ci NOT NULL,
  `batch` int(11) NOT NULL,
  PRIMARY KEY (`id`)
) ENGINE=InnoDB AUTO_INCREMENT=10 DEFAULT CHARSET=utf8mb4 COLLATE=utf8mb4_unicode_ci;

-- Dumping data for table LaravelECommerceRestfulAPI_db.migrations: ~9 rows (approximately)
/*!40000 ALTER TABLE `migrations` DISABLE KEYS */;
INSERT INTO `migrations` (`id`, `migration`, `batch`) VALUES
	(1, '2014_10_12_000000_create_users_table', 1),
	(2, '2014_10_12_100000_create_password_resets_table', 1),
	(3, '2018_04_19_094843_create_products_table', 1),
	(4, '2018_04_19_094853_create_reviews_table', 1),
	(5, '2016_06_01_000001_create_oauth_auth_codes_table', 2),
	(6, '2016_06_01_000002_create_oauth_access_tokens_table', 2),
	(7, '2016_06_01_000003_create_oauth_refresh_tokens_table', 2),
	(8, '2016_06_01_000004_create_oauth_clients_table', 2),
	(9, '2016_06_01_000005_create_oauth_personal_access_clients_table', 2);
/*!40000 ALTER TABLE `migrations` ENABLE KEYS */;

-- Dumping structure for table LaravelECommerceRestfulAPI_db.oauth_access_tokens
DROP TABLE IF EXISTS `oauth_access_tokens`;
CREATE TABLE IF NOT EXISTS `oauth_access_tokens` (
  `id` varchar(100) COLLATE utf8mb4_unicode_ci NOT NULL,
  `user_id` int(11) DEFAULT NULL,
  `client_id` int(11) NOT NULL,
  `name` varchar(191) COLLATE utf8mb4_unicode_ci DEFAULT NULL,
  `scopes` text COLLATE utf8mb4_unicode_ci,
  `revoked` tinyint(1) NOT NULL,
  `created_at` timestamp NULL DEFAULT NULL,
  `updated_at` timestamp NULL DEFAULT NULL,
  `expires_at` datetime DEFAULT NULL,
  PRIMARY KEY (`id`),
  KEY `oauth_access_tokens_user_id_index` (`user_id`)
) ENGINE=InnoDB DEFAULT CHARSET=utf8mb4 COLLATE=utf8mb4_unicode_ci;

-- Dumping data for table LaravelECommerceRestfulAPI_db.oauth_access_tokens: ~4 rows (approximately)
/*!40000 ALTER TABLE `oauth_access_tokens` DISABLE KEYS */;
INSERT INTO `oauth_access_tokens` (`id`, `user_id`, `client_id`, `name`, `scopes`, `revoked`, `created_at`, `updated_at`, `expires_at`) VALUES
	('8ff9b00c4f69721554d480d92dc066914d6bf0408ae9347a10e058a7b2ef95e4117223d74cb8be07', 1, 2, NULL, '[]', 0, '2018-04-22 02:15:39', '2018-04-22 02:15:39', '2019-04-22 02:15:39'),
	('adb05d1b6752fb62e1456f1a9f8f0253feb823b8289313d69e235f453c4191351fe8edf8204a1560', 1, 2, NULL, '[]', 0, '2018-04-22 02:17:20', '2018-04-22 02:17:20', '2019-04-22 02:17:20'),
	('adc934b967dea005a4502819be3dded2ae21f00ee405e161dbef4523197ee43b0457c51ee524928b', 1, 2, NULL, '[]', 0, '2018-04-22 02:14:31', '2018-04-22 02:14:31', '2019-04-22 02:14:31'),
	('f754394f34589cb3818762a281b01adc17bfc82d7dd62b9a44206c50bc5488e5bf5291856b12b9bb', 1, 2, NULL, '[]', 0, '2018-04-22 02:15:44', '2018-04-22 02:15:44', '2019-04-22 02:15:44');
/*!40000 ALTER TABLE `oauth_access_tokens` ENABLE KEYS */;

-- Dumping structure for table LaravelECommerceRestfulAPI_db.oauth_auth_codes
DROP TABLE IF EXISTS `oauth_auth_codes`;
CREATE TABLE IF NOT EXISTS `oauth_auth_codes` (
  `id` varchar(100) COLLATE utf8mb4_unicode_ci NOT NULL,
  `user_id` int(11) NOT NULL,
  `client_id` int(11) NOT NULL,
  `scopes` text COLLATE utf8mb4_unicode_ci,
  `revoked` tinyint(1) NOT NULL,
  `expires_at` datetime DEFAULT NULL,
  PRIMARY KEY (`id`)
) ENGINE=InnoDB DEFAULT CHARSET=utf8mb4 COLLATE=utf8mb4_unicode_ci;

-- Dumping data for table LaravelECommerceRestfulAPI_db.oauth_auth_codes: ~0 rows (approximately)
/*!40000 ALTER TABLE `oauth_auth_codes` DISABLE KEYS */;
/*!40000 ALTER TABLE `oauth_auth_codes` ENABLE KEYS */;

-- Dumping structure for table LaravelECommerceRestfulAPI_db.oauth_clients
DROP TABLE IF EXISTS `oauth_clients`;
CREATE TABLE IF NOT EXISTS `oauth_clients` (
  `id` int(10) unsigned NOT NULL AUTO_INCREMENT,
  `user_id` int(11) DEFAULT NULL,
  `name` varchar(191) COLLATE utf8mb4_unicode_ci NOT NULL,
  `secret` varchar(100) COLLATE utf8mb4_unicode_ci NOT NULL,
  `redirect` text COLLATE utf8mb4_unicode_ci NOT NULL,
  `personal_access_client` tinyint(1) NOT NULL,
  `password_client` tinyint(1) NOT NULL,
  `revoked` tinyint(1) NOT NULL,
  `created_at` timestamp NULL DEFAULT NULL,
  `updated_at` timestamp NULL DEFAULT NULL,
  PRIMARY KEY (`id`),
  KEY `oauth_clients_user_id_index` (`user_id`)
) ENGINE=InnoDB AUTO_INCREMENT=3 DEFAULT CHARSET=utf8mb4 COLLATE=utf8mb4_unicode_ci;

-- Dumping data for table LaravelECommerceRestfulAPI_db.oauth_clients: ~2 rows (approximately)
/*!40000 ALTER TABLE `oauth_clients` DISABLE KEYS */;
INSERT INTO `oauth_clients` (`id`, `user_id`, `name`, `secret`, `redirect`, `personal_access_client`, `password_client`, `revoked`, `created_at`, `updated_at`) VALUES
	(1, NULL, 'Laravel Password Grant Client', '4EkrXRBsT5KMt9qYaIGZahVYmi8IePYXon3xkKQA', 'http://localhost', 1, 0, 0, '2018-04-22 02:12:45', '2018-04-22 02:12:45'),
	(2, NULL, 'Laravel Password Grant Client', 'pnA3YJtPPCo6jZU7yhFSRfHdPXat0cgNhv5wQ40m', 'http://localhost', 0, 1, 0, '2018-04-22 02:12:45', '2018-04-22 02:12:45');
/*!40000 ALTER TABLE `oauth_clients` ENABLE KEYS */;

-- Dumping structure for table LaravelECommerceRestfulAPI_db.oauth_personal_access_clients
DROP TABLE IF EXISTS `oauth_personal_access_clients`;
CREATE TABLE IF NOT EXISTS `oauth_personal_access_clients` (
  `id` int(10) unsigned NOT NULL AUTO_INCREMENT,
  `client_id` int(11) NOT NULL,
  `created_at` timestamp NULL DEFAULT NULL,
  `updated_at` timestamp NULL DEFAULT NULL,
  PRIMARY KEY (`id`),
  KEY `oauth_personal_access_clients_client_id_index` (`client_id`)
) ENGINE=InnoDB AUTO_INCREMENT=2 DEFAULT CHARSET=utf8mb4 COLLATE=utf8mb4_unicode_ci;

-- Dumping data for table LaravelECommerceRestfulAPI_db.oauth_personal_access_clients: ~1 rows (approximately)
/*!40000 ALTER TABLE `oauth_personal_access_clients` DISABLE KEYS */;
INSERT INTO `oauth_personal_access_clients` (`id`, `client_id`, `created_at`, `updated_at`) VALUES
	(1, 1, '2018-04-22 02:12:45', '2018-04-22 02:12:45');
/*!40000 ALTER TABLE `oauth_personal_access_clients` ENABLE KEYS */;

-- Dumping structure for table LaravelECommerceRestfulAPI_db.oauth_refresh_tokens
DROP TABLE IF EXISTS `oauth_refresh_tokens`;
CREATE TABLE IF NOT EXISTS `oauth_refresh_tokens` (
  `id` varchar(100) COLLATE utf8mb4_unicode_ci NOT NULL,
  `access_token_id` varchar(100) COLLATE utf8mb4_unicode_ci NOT NULL,
  `revoked` tinyint(1) NOT NULL,
  `expires_at` datetime DEFAULT NULL,
  PRIMARY KEY (`id`),
  KEY `oauth_refresh_tokens_access_token_id_index` (`access_token_id`)
) ENGINE=InnoDB DEFAULT CHARSET=utf8mb4 COLLATE=utf8mb4_unicode_ci;

-- Dumping data for table LaravelECommerceRestfulAPI_db.oauth_refresh_tokens: ~4 rows (approximately)
/*!40000 ALTER TABLE `oauth_refresh_tokens` DISABLE KEYS */;
INSERT INTO `oauth_refresh_tokens` (`id`, `access_token_id`, `revoked`, `expires_at`) VALUES
	('19620d4544cc09c91fd814611881085ffd6c7a9c2da5e3d229455eafd0de71c5d06e692da4b47136', 'f754394f34589cb3818762a281b01adc17bfc82d7dd62b9a44206c50bc5488e5bf5291856b12b9bb', 0, '2019-04-22 02:15:44'),
	('56fda6b5ca20886f6ceb0efa16a8efd0f72f5de5f025c5cab4b6a9d42519e448f61f446fd6753a94', 'adb05d1b6752fb62e1456f1a9f8f0253feb823b8289313d69e235f453c4191351fe8edf8204a1560', 0, '2019-04-22 02:17:20'),
	('6c7296863500945e7b7a2f3ab4f1b26684eeafe53795630f78572af297d73be27b0de54e91fc5ced', 'adc934b967dea005a4502819be3dded2ae21f00ee405e161dbef4523197ee43b0457c51ee524928b', 0, '2019-04-22 02:14:31'),
	('8fa0fe2cbb1e8b213b6742563d4d1687785c0ddbb46523fcef86a6f28c2312c746e9c5f44cbce070', '8ff9b00c4f69721554d480d92dc066914d6bf0408ae9347a10e058a7b2ef95e4117223d74cb8be07', 0, '2019-04-22 02:15:39');
/*!40000 ALTER TABLE `oauth_refresh_tokens` ENABLE KEYS */;

-- Dumping structure for table LaravelECommerceRestfulAPI_db.password_resets
DROP TABLE IF EXISTS `password_resets`;
CREATE TABLE IF NOT EXISTS `password_resets` (
  `email` varchar(191) COLLATE utf8mb4_unicode_ci NOT NULL,
  `token` varchar(191) COLLATE utf8mb4_unicode_ci NOT NULL,
  `created_at` timestamp NULL DEFAULT NULL,
  KEY `password_resets_email_index` (`email`)
) ENGINE=InnoDB DEFAULT CHARSET=utf8mb4 COLLATE=utf8mb4_unicode_ci;

-- Dumping data for table LaravelECommerceRestfulAPI_db.password_resets: ~0 rows (approximately)
/*!40000 ALTER TABLE `password_resets` DISABLE KEYS */;
/*!40000 ALTER TABLE `password_resets` ENABLE KEYS */;

-- Dumping structure for table LaravelECommerceRestfulAPI_db.products
DROP TABLE IF EXISTS `products`;
CREATE TABLE IF NOT EXISTS `products` (
  `id` int(10) unsigned NOT NULL AUTO_INCREMENT,
  `name` varchar(191) COLLATE utf8mb4_unicode_ci NOT NULL,
  `detail` text COLLATE utf8mb4_unicode_ci NOT NULL,
  `price` int(11) NOT NULL,
  `stock` int(11) NOT NULL,
  `discount` int(11) NOT NULL,
  `created_at` timestamp NULL DEFAULT NULL,
  `updated_at` timestamp NULL DEFAULT NULL,
  PRIMARY KEY (`id`)
) ENGINE=InnoDB AUTO_INCREMENT=51 DEFAULT CHARSET=utf8mb4 COLLATE=utf8mb4_unicode_ci;

-- Dumping data for table LaravelECommerceRestfulAPI_db.products: ~50 rows (approximately)
/*!40000 ALTER TABLE `products` DISABLE KEYS */;
INSERT INTO `products` (`id`, `name`, `detail`, `price`, `stock`, `discount`, `created_at`, `updated_at`) VALUES
	(1, 'blanditiis', 'Non ea delectus repellat fugit. Id accusantium quisquam soluta veniam quia modi sed. Ipsum pariatur voluptatem molestias. Quibusdam voluptates quam aspernatur aliquam laborum repellendus optio minima.', 429, 8, 25, '2018-04-21 08:06:50', '2018-04-21 08:06:50'),
	(2, 'et', 'Et et magnam pariatur iure autem distinctio dolor. Sapiente est sed nobis facilis maxime ipsam nihil. Qui impedit facilis consequatur est ipsum fugit. Et animi et qui ipsum ut quibusdam eos.', 444, 0, 6, '2018-04-21 08:06:50', '2018-04-21 08:06:50'),
	(3, 'reiciendis', 'Cumque ratione esse optio. Numquam sint nihil ducimus atque. Ab debitis molestiae magni dolor ea earum atque. Libero tenetur ut sint nemo aut ad molestiae facilis.', 643, 6, 6, '2018-04-21 08:06:50', '2018-04-21 08:06:50'),
	(4, 'ab', 'Et ipsum tempora est rerum nam possimus sit. Sit est excepturi et nam ex suscipit. In excepturi quia nulla quam at.', 570, 5, 30, '2018-04-21 08:06:50', '2018-04-21 08:06:50'),
	(5, 'ullam', 'Ut voluptatem occaecati perferendis aut quis sed nobis beatae. Deleniti impedit pariatur reiciendis alias molestias.', 735, 9, 26, '2018-04-21 08:06:50', '2018-04-21 08:06:50'),
	(6, 'dolore', 'Aut sed quasi dolores ea. Nemo totam ad et hic. Deserunt autem est autem. Magnam consequatur magnam sit maxime nesciunt totam beatae.', 118, 6, 29, '2018-04-21 08:06:50', '2018-04-21 08:06:50'),
	(7, 'quae', 'Ipsam recusandae vitae modi nihil aut dolore. Non deserunt praesentium tempora velit expedita recusandae aut. Cumque repellat eius fugiat deleniti. Ex dolorum ipsam repellat voluptatum iure fugiat.', 529, 5, 35, '2018-04-21 08:06:50', '2018-04-21 08:06:50'),
	(8, 'tenetur', 'Ut magni ut aspernatur accusamus nobis consequatur pariatur. Est et dicta ut aut. Adipisci similique modi voluptatem facilis dolore autem dolores possimus. Eveniet dolorem vitae ex odio illo.', 733, 0, 19, '2018-04-21 08:06:50', '2018-04-21 08:06:50'),
	(9, 'nulla', 'Officiis tempore facilis iusto sit sit accusantium. Qui voluptatibus optio occaecati vel.', 288, 4, 34, '2018-04-21 08:06:50', '2018-04-21 08:06:50'),
	(10, 'vel', 'Aut consequatur quidem quis distinctio corporis. Minima ducimus quam qui ab eligendi incidunt rem. Cumque omnis unde modi architecto.', 599, 7, 11, '2018-04-21 08:06:50', '2018-04-21 08:06:50'),
	(11, 'qui', 'Dolor beatae ea repellat quod pariatur ea sit. Voluptas minus voluptatem aut dolorum qui. Vel culpa alias a aliquam inventore aut. Voluptate quis dicta a eos porro sunt.', 314, 3, 42, '2018-04-21 08:06:50', '2018-04-21 08:06:50'),
	(12, 'soluta', 'Ea distinctio distinctio voluptas ipsum sed dolorem. Id harum iure minima sunt. Repellat possimus et aut et aperiam facilis maxime. Accusamus tempore voluptas maiores corrupti culpa quibusdam saepe est.', 291, 7, 19, '2018-04-21 08:06:50', '2018-04-21 08:06:50'),
	(13, 'beatae', 'Consequatur voluptas modi provident repellendus illo. Non accusamus non officiis ipsa quia qui dolores et. Eius alias nostrum voluptas magni enim consequuntur aspernatur atque.', 967, 9, 25, '2018-04-21 08:06:50', '2018-04-21 08:06:50'),
	(14, 'rerum', 'Pariatur inventore eos dignissimos deserunt dicta reiciendis. Expedita soluta eaque et quia dolorem optio. Et quas iste quia quae. Voluptatem voluptatem aut possimus adipisci dolor inventore.', 835, 6, 44, '2018-04-21 08:06:50', '2018-04-21 08:06:50'),
	(15, 'sunt', 'Enim odio aut nesciunt illo sed sapiente. Est cupiditate minima maiores fuga a. Eum cumque odit id voluptas. Tenetur sit nobis ea voluptas.', 883, 7, 49, '2018-04-21 08:06:50', '2018-04-21 08:06:50'),
	(16, 'aspernatur', 'Sed tempore dolorum et dignissimos. Velit et beatae fuga fugit fugiat error. Voluptas consectetur eos perferendis ex qui.', 556, 9, 10, '2018-04-21 08:06:50', '2018-04-21 08:06:50'),
	(17, 'porro', 'Qui tenetur aut dolorem quo distinctio sunt. Voluptatem consectetur culpa sunt iusto totam exercitationem quo. Consequatur totam repellat perferendis et omnis.', 557, 8, 30, '2018-04-21 08:06:50', '2018-04-21 08:06:50'),
	(18, 'veniam', 'Et ut saepe officia a quibusdam et sit. Deleniti et quia nobis quo et aut omnis. Maiores et ut dolore nam dignissimos incidunt. Ipsum excepturi laboriosam officia ut aut.', 568, 2, 43, '2018-04-21 08:06:50', '2018-04-21 08:06:50'),
	(19, 'aliquam', 'Quis tempore dolor et voluptatem tempore quia. Eos maiores velit nam suscipit id modi tenetur. Dolores natus necessitatibus consequatur molestias aspernatur quia. Maxime illo autem nostrum ipsam quis vel ipsum.', 225, 8, 31, '2018-04-21 08:06:50', '2018-04-21 08:06:50'),
	(20, 'non', 'Dolorem et eos ullam. Vitae maxime omnis est adipisci doloribus atque et. Molestias sunt excepturi libero eos dolores.', 339, 7, 22, '2018-04-21 08:06:50', '2018-04-21 08:06:50'),
	(21, 'quasi', 'Consequuntur consectetur itaque et perferendis rerum dolorum. Atque necessitatibus aliquid aut quia fugit. Ut temporibus quis reprehenderit alias.', 791, 0, 44, '2018-04-21 08:06:50', '2018-04-21 08:06:50'),
	(22, 'doloribus', 'Provident aut nihil nemo qui magnam fuga sed. Sint atque optio omnis quae et nihil velit. Ipsa incidunt omnis consequatur quisquam itaque non dolores.', 491, 7, 35, '2018-04-21 08:06:50', '2018-04-21 08:06:50'),
	(23, 'repellat', 'Voluptatem eligendi eum asperiores sapiente veniam aut. Dolor maxime aut accusantium tenetur qui atque. Quo minima qui veniam vero suscipit recusandae sapiente.', 208, 2, 31, '2018-04-21 08:06:50', '2018-04-21 08:06:50'),
	(24, 'voluptatibus', 'Ipsam voluptate est molestiae vel qui nulla. Doloribus commodi magnam animi optio molestias ratione. Aut est rerum fugiat et aperiam pariatur quos.', 898, 1, 11, '2018-04-21 08:06:50', '2018-04-21 08:06:50'),
	(25, 'qui', 'Ullam recusandae ex saepe sed. Aut natus perspiciatis et tenetur dicta eum natus.', 244, 6, 47, '2018-04-21 08:06:50', '2018-04-21 08:06:50'),
	(26, 'omnis', 'Itaque cupiditate in voluptatem aut deleniti id rerum. Natus maxime et ut exercitationem accusamus id maiores.', 733, 2, 39, '2018-04-21 08:06:50', '2018-04-21 08:06:50'),
	(27, 'officia', 'Ipsum omnis dignissimos asperiores voluptate aut sint aut. Enim ab provident aperiam.', 101, 8, 37, '2018-04-21 08:06:50', '2018-04-21 08:06:50'),
	(28, 'tempora', 'Consequatur est doloribus voluptate aut et. Possimus nihil nihil et.', 630, 4, 15, '2018-04-21 08:06:50', '2018-04-21 08:06:50'),
	(29, 'quos', 'Nihil et aut sit sed ut. Sit consequatur nobis nemo tempore id. Ut voluptas exercitationem laboriosam voluptates et maxime vitae. Illo veniam mollitia aut quo autem. Saepe reprehenderit maiores voluptate dolores.', 930, 6, 19, '2018-04-21 08:06:50', '2018-04-21 08:06:50'),
	(30, 'eveniet', 'Id excepturi cumque maiores molestias non pariatur ratione. Numquam non quaerat corrupti corporis delectus qui nihil.', 814, 8, 16, '2018-04-21 08:06:50', '2018-04-21 08:06:50'),
	(31, 'sit', 'Mollitia iusto deleniti accusamus nihil. Magni omnis consequatur rerum enim et nobis asperiores. Corrupti ut consequatur atque.', 164, 9, 23, '2018-04-21 08:06:50', '2018-04-21 08:06:50'),
	(32, 'occaecati', 'Asperiores itaque incidunt quis. Atque est nesciunt quasi quo necessitatibus aliquam aut porro. Deserunt corrupti voluptas magnam.', 951, 5, 20, '2018-04-21 08:06:50', '2018-04-21 08:06:50'),
	(33, 'facere', 'Excepturi facere sunt eius facilis sapiente. Molestias provident nihil sint blanditiis est. Voluptatibus deserunt sint sed sequi. Autem est accusantium quos consequatur.', 927, 1, 6, '2018-04-21 08:06:50', '2018-04-21 08:06:50'),
	(34, 'harum', 'Iste hic soluta nulla nulla magnam doloribus. Sint quisquam nulla omnis corrupti qui sunt. Dolorum praesentium in rerum consequatur dolores deleniti saepe velit. Voluptas eos quo laborum.', 364, 3, 14, '2018-04-21 08:06:50', '2018-04-21 08:06:50'),
	(35, 'eveniet', 'Odit et aliquid in iste doloremque dolore. Et enim accusantium ipsam. Dolorem blanditiis in asperiores voluptas officiis. Deleniti corrupti praesentium autem.', 577, 0, 28, '2018-04-21 08:06:50', '2018-04-21 08:06:50'),
	(36, 'maxime', 'Quidem sed aut quia corporis enim quo quia fugit. Sed quos odio sint enim molestiae quia.', 751, 4, 13, '2018-04-21 08:06:50', '2018-04-21 08:06:50'),
	(37, 'ut', 'Et sint suscipit perspiciatis voluptatum autem accusamus quibusdam eligendi. Deserunt eos aut quo. Modi et earum consectetur ut nostrum.', 655, 7, 36, '2018-04-21 08:06:50', '2018-04-21 08:06:50'),
	(38, 'totam', 'Ut eligendi voluptatem accusamus voluptatem. Aliquam minima quaerat quae officiis. Modi aliquam quia iusto maiores ipsum. Voluptas praesentium quod ipsa odio. Sed doloribus rerum voluptatem voluptatibus sit aliquid occaecati impedit.', 130, 6, 14, '2018-04-21 08:06:50', '2018-04-21 08:06:50'),
	(39, 'magni', 'Corporis nihil vero ut totam sit dolores. Dolorum est voluptatibus incidunt libero. Sit natus quisquam est et porro.', 910, 5, 42, '2018-04-21 08:06:50', '2018-04-21 08:06:50'),
	(40, 'quia', 'Quasi vitae rerum nihil voluptates. Eum tenetur assumenda facilis sapiente officia ut.', 890, 8, 33, '2018-04-21 08:06:50', '2018-04-21 08:06:50'),
	(41, 'architecto', 'Exercitationem similique quia laborum rem vitae. Recusandae eum molestiae molestiae amet eum nam aut. Repudiandae aut pariatur consequatur cupiditate corporis eveniet.', 933, 6, 6, '2018-04-21 08:06:50', '2018-04-21 08:06:50'),
	(42, 'magnam', 'In enim rerum saepe odit et. Perferendis debitis et dicta velit. Est qui cupiditate quibusdam enim dolores consequuntur.', 235, 5, 35, '2018-04-21 08:06:50', '2018-04-21 08:06:50'),
	(43, 'odit', 'Doloremque reprehenderit eum quam porro voluptas esse. Nemo libero et qui ea non. Molestiae eveniet nulla quo. Aut esse occaecati minima qui molestiae.', 834, 2, 20, '2018-04-21 08:06:50', '2018-04-21 08:06:50'),
	(44, 'dolore', 'Alias aut dolore consequuntur autem qui incidunt quo. Incidunt voluptatem ad ut similique. Beatae deserunt voluptas enim vel nam et maxime.', 417, 0, 3, '2018-04-21 08:06:50', '2018-04-21 08:06:50'),
	(45, 'dolores', 'Quo iusto adipisci earum fugiat impedit accusantium est. Aut quo mollitia qui aspernatur. Harum aut eius modi et mollitia dolorum doloremque rerum.', 742, 1, 11, '2018-04-21 08:06:50', '2018-04-21 08:06:50'),
	(46, 'deleniti', 'Et voluptas sed pariatur nemo veniam. Sit aliquid consequatur dicta sit modi atque. Voluptatem et aut quia minima aliquid tempora.', 321, 7, 41, '2018-04-21 08:06:50', '2018-04-21 08:06:50'),
	(47, 'error', 'Illo laborum autem qui nihil possimus placeat. Est error similique a. Voluptatem non rerum quisquam id soluta ut et.', 426, 3, 24, '2018-04-21 08:06:50', '2018-04-21 08:06:50'),
	(48, 'aliquam', 'Ex sed soluta itaque veniam harum neque velit ut. Voluptatem blanditiis praesentium beatae enim voluptatibus impedit quis. Repudiandae veniam id tenetur ipsa occaecati.', 805, 3, 27, '2018-04-21 08:06:50', '2018-04-21 08:06:50'),
	(49, 'dolor', 'Fugiat eos optio ut autem cupiditate reiciendis. Accusamus eos accusantium blanditiis fuga ut necessitatibus. Ipsa ut placeat id.', 995, 5, 45, '2018-04-21 08:06:50', '2018-04-21 08:06:50'),
	(50, 'sunt', 'Perspiciatis similique quia tenetur enim sed quis. Minus sit blanditiis in magnam. Consequuntur ad in tempora autem rerum.', 714, 8, 8, '2018-04-21 08:06:50', '2018-04-21 08:06:50');
/*!40000 ALTER TABLE `products` ENABLE KEYS */;

-- Dumping structure for table LaravelECommerceRestfulAPI_db.reviews
DROP TABLE IF EXISTS `reviews`;
CREATE TABLE IF NOT EXISTS `reviews` (
  `id` int(10) unsigned NOT NULL AUTO_INCREMENT,
  `product_id` int(10) unsigned NOT NULL,
  `customer` varchar(191) COLLATE utf8mb4_unicode_ci NOT NULL,
  `review` text COLLATE utf8mb4_unicode_ci NOT NULL,
  `star` int(11) NOT NULL,
  `created_at` timestamp NULL DEFAULT NULL,
  `updated_at` timestamp NULL DEFAULT NULL,
  PRIMARY KEY (`id`),
  KEY `reviews_product_id_index` (`product_id`),
  CONSTRAINT `reviews_product_id_foreign` FOREIGN KEY (`product_id`) REFERENCES `products` (`id`) ON DELETE CASCADE
) ENGINE=InnoDB AUTO_INCREMENT=301 DEFAULT CHARSET=utf8mb4 COLLATE=utf8mb4_unicode_ci;

-- Dumping data for table LaravelECommerceRestfulAPI_db.reviews: ~300 rows (approximately)
/*!40000 ALTER TABLE `reviews` DISABLE KEYS */;
INSERT INTO `reviews` (`id`, `product_id`, `customer`, `review`, `star`, `created_at`, `updated_at`) VALUES
	(1, 12, 'Dr. Jovany King PhD', 'Odit voluptatem ea eum quidem quisquam et nam. Ut ad ut qui dolor nulla accusamus similique modi. Ut eos sunt in sequi minus dolorem enim vitae.', 2, '2018-04-21 08:06:50', '2018-04-21 08:06:50'),
	(2, 41, 'Loyal Becker MD', 'Laudantium repudiandae totam nostrum qui impedit excepturi aut. Vel veniam dignissimos et excepturi voluptas eos facilis labore. Et consequatur officiis commodi sequi repudiandae qui dicta totam.', 2, '2018-04-21 08:06:50', '2018-04-21 08:06:50'),
	(3, 17, 'Violette Spencer', 'Nemo quo nemo illum laudantium laboriosam autem. Sapiente tempora qui nemo quia unde est. Explicabo minima facere dignissimos et ratione.', 2, '2018-04-21 08:06:50', '2018-04-21 08:06:50'),
	(4, 21, 'Ken King', 'Ut error autem quo eum dolorum voluptate optio. Vero earum debitis officiis aut. Facere accusamus quia culpa et numquam.', 1, '2018-04-21 08:06:50', '2018-04-21 08:06:50'),
	(5, 46, 'Clinton Jakubowski', 'Ipsam alias culpa dolorum vitae hic. Odit dicta ex sunt sunt molestiae et eveniet. Eos magni optio dolores dolorum et suscipit laboriosam. A et deleniti nihil deserunt.', 1, '2018-04-21 08:06:50', '2018-04-21 08:06:50'),
	(6, 5, 'Afton Kunde', 'Reprehenderit eos dolor ab cupiditate omnis at. Consequatur labore fugit et et neque. Voluptate non voluptatem et tenetur eveniet quo.', 4, '2018-04-21 08:06:50', '2018-04-21 08:06:50'),
	(7, 35, 'Mr. Abdul Langworth DDS', 'Sed nulla officia laboriosam beatae minima facilis enim aut. Voluptates dolores accusantium eos consequuntur atque qui corporis. Deserunt ex eum doloribus ut est voluptas. Molestias est ab illum rem.', 1, '2018-04-21 08:06:50', '2018-04-21 08:06:50'),
	(8, 19, 'Miss Danyka Mann Sr.', 'In omnis saepe eveniet. Ipsa vel sed sit. Quia dolorem molestiae debitis consectetur expedita.', 1, '2018-04-21 08:06:50', '2018-04-21 08:06:50'),
	(9, 45, 'Ariane O\'Conner Jr.', 'Rem ut natus numquam quia voluptatem illo. Repellat cum est at officiis fugit. Et qui asperiores et illum odit similique. Asperiores doloribus adipisci blanditiis ex voluptatem aperiam.', 1, '2018-04-21 08:06:50', '2018-04-21 08:06:50'),
	(10, 25, 'Prof. Michael Schneider V', 'Veniam cum ut perferendis deserunt iusto harum. Voluptatem pariatur sed ut aliquid vitae occaecati. Et voluptatem quis facere. Voluptatem quasi perferendis quis dolores consequatur velit. Aspernatur sint qui vitae dolorem rerum optio maiores.', 2, '2018-04-21 08:06:51', '2018-04-21 08:06:51'),
	(11, 1, 'Daron Nienow', 'Nesciunt ullam laboriosam laudantium in nisi. Molestiae et repellat rem quae sint nulla. Modi minus odit velit ex dolor aut.', 2, '2018-04-21 08:06:51', '2018-04-21 08:06:51'),
	(12, 44, 'Kayleigh Mraz', 'Quia nostrum fugiat quod repudiandae voluptatem. In incidunt quos quis est sed rerum maxime. Velit necessitatibus vitae dolorem ea expedita. Quisquam consequatur ad quaerat eius impedit.', 4, '2018-04-21 08:06:51', '2018-04-21 08:06:51'),
	(13, 2, 'Margot Moen', 'Aperiam eum et sed. Enim vel nesciunt quas voluptatum et et aut. Placeat itaque enim temporibus sed sint.', 2, '2018-04-21 08:06:51', '2018-04-21 08:06:51'),
	(14, 31, 'Russel Bayer', 'Ipsam dolore veritatis dignissimos aliquid rerum quasi. Sint qui quos blanditiis sint. Aut sed iure et qui accusantium delectus quasi. Id in harum facere consequuntur facere.', 4, '2018-04-21 08:06:51', '2018-04-21 08:06:51'),
	(15, 5, 'Clemens Nader V', 'Nobis accusamus inventore qui sapiente. Et autem aliquid placeat. Et nihil voluptas qui omnis eum qui. Sed omnis placeat sit qui est.', 2, '2018-04-21 08:06:51', '2018-04-21 08:06:51'),
	(16, 18, 'Laura Considine', 'Incidunt qui corrupti maxime nostrum. Nostrum libero modi qui nobis dolores pariatur. Consectetur nostrum officia voluptate voluptatibus a nostrum.', 4, '2018-04-21 08:06:51', '2018-04-21 08:06:51'),
	(17, 35, 'Greg Williamson', 'Nam ratione sed amet ut provident. Assumenda ut et vitae doloribus. Occaecati ut eveniet aut quo dolores soluta.', 1, '2018-04-21 08:06:51', '2018-04-21 08:06:51'),
	(18, 34, 'Piper Batz', 'Assumenda consequatur exercitationem veniam animi omnis neque quos. Molestias sunt consequatur debitis. Molestias eveniet nam quasi enim quidem cumque perspiciatis perspiciatis. Id unde quae sed tempora ducimus iure saepe.', 2, '2018-04-21 08:06:51', '2018-04-21 08:06:51'),
	(19, 16, 'Marquise Aufderhar', 'Facilis qui hic quo voluptas voluptatem unde vero velit. Omnis autem quo rerum debitis. Architecto consequuntur unde minima quibusdam eos voluptates eum vero.', 4, '2018-04-21 08:06:51', '2018-04-21 08:06:51'),
	(20, 19, 'Miss Marcella DuBuque IV', 'Qui tempore explicabo rerum omnis repellendus ipsum et. Assumenda quam consequatur eligendi. Facilis mollitia ut consequatur autem nobis commodi ea. Consectetur cupiditate odio consectetur neque excepturi.', 2, '2018-04-21 08:06:51', '2018-04-21 08:06:51'),
	(21, 25, 'Lon Deckow', 'Provident qui ut atque quis nam. Quia rerum dignissimos vero ab. Aliquam sint perspiciatis adipisci architecto modi saepe vitae.', 0, '2018-04-21 08:06:51', '2018-04-21 08:06:51'),
	(22, 42, 'Mr. Laverne Koelpin', 'Excepturi aut cum possimus omnis eos odit. Veniam mollitia delectus nobis illo necessitatibus est aperiam. Fugit eaque sunt earum quibusdam.', 3, '2018-04-21 08:06:51', '2018-04-21 08:06:51'),
	(23, 13, 'Isaias McCullough', 'Fugit architecto non sapiente non nobis autem. Nulla est sunt quia officia deleniti molestiae asperiores qui. Quo deserunt excepturi qui.', 5, '2018-04-21 08:06:51', '2018-04-21 08:06:51'),
	(24, 49, 'Luigi Walter', 'Blanditiis eos aspernatur voluptatibus numquam non ut adipisci. Culpa enim omnis natus. Id voluptatum quia quisquam alias inventore iste deleniti.', 1, '2018-04-21 08:06:51', '2018-04-21 08:06:51'),
	(25, 22, 'Andres Cassin', 'Quia ducimus laborum deleniti fugiat. Quos velit molestiae necessitatibus veritatis. Dolor aut facilis eligendi sint ut similique occaecati. Velit in nam expedita nihil laboriosam perferendis.', 4, '2018-04-21 08:06:51', '2018-04-21 08:06:51'),
	(26, 8, 'Mr. Brandon Block', 'Sint quis aut cum nobis ex. Cum officiis rerum numquam et sint sapiente asperiores. Consequuntur nesciunt quas quaerat deserunt dolor. Fugiat eius quo quia eum rerum vero. Quis laudantium et tempora non unde.', 4, '2018-04-21 08:06:51', '2018-04-21 08:06:51'),
	(27, 21, 'Aglae Gaylord', 'Quod voluptatibus occaecati voluptas asperiores. Aut nemo voluptatem tempora. Ut consequuntur illo dolor tempora. Natus vero in dolore et similique porro cum.', 4, '2018-04-21 08:06:51', '2018-04-21 08:06:51'),
	(28, 6, 'Dr. Jayson Durgan DDS', 'Esse magni aut ut velit voluptatem dignissimos repellendus. Et aut debitis eius et aliquid quibusdam. Consequatur sed temporibus error natus. Ad vel enim incidunt culpa hic commodi labore.', 2, '2018-04-21 08:06:51', '2018-04-21 08:06:51'),
	(29, 12, 'Colten Schultz', 'Maxime sunt laboriosam aut. Est similique ipsum et enim deserunt. Qui placeat neque autem explicabo iusto quam voluptatem.', 1, '2018-04-21 08:06:51', '2018-04-21 08:06:51'),
	(30, 8, 'Braulio Hyatt', 'Praesentium natus velit iste at. Impedit accusantium sit sit libero recusandae.', 5, '2018-04-21 08:06:51', '2018-04-21 08:06:51'),
	(31, 12, 'Lolita Huel DVM', 'Non id voluptates et quia aut. Nihil illo tempore eligendi consequatur laboriosam ex nemo. Sed consectetur corrupti cumque nostrum libero voluptates architecto iste.', 1, '2018-04-21 08:06:51', '2018-04-21 08:06:51'),
	(32, 11, 'Dr. Arnaldo Bins I', 'Maiores qui deserunt cupiditate praesentium recusandae tempore. Commodi ullam voluptatem veritatis nam fugit facere.', 4, '2018-04-21 08:06:51', '2018-04-21 08:06:51'),
	(33, 21, 'Mr. Kane Miller', 'Repellat iste fugit laborum cum neque quaerat. Porro hic error autem quia. Est ea deleniti tenetur aut. Eligendi quibusdam fuga rerum rem velit sit.', 5, '2018-04-21 08:06:51', '2018-04-21 08:06:51'),
	(34, 11, 'Skyla Casper', 'Officiis itaque omnis occaecati commodi. Esse quos sapiente animi ipsam hic totam voluptatem. Rem repellendus temporibus officiis quod adipisci deleniti consectetur.', 2, '2018-04-21 08:06:51', '2018-04-21 08:06:51'),
	(35, 15, 'Ms. Calista Mann MD', 'Quidem magnam aut quis sint earum error. Doloribus ipsum labore deserunt. Quam qui sit odio ipsa tempora.', 0, '2018-04-21 08:06:51', '2018-04-21 08:06:51'),
	(36, 33, 'Mr. Ephraim Hudson', 'Quo quam reprehenderit et dolore enim consequatur. Autem sed quae tenetur error et. Qui ad reiciendis perspiciatis rerum.', 5, '2018-04-21 08:06:51', '2018-04-21 08:06:51'),
	(37, 43, 'Alejandrin Metz', 'Sit delectus id et aut culpa. Non id cupiditate iusto ipsum hic. Quia iste dicta consectetur maiores.', 5, '2018-04-21 08:06:51', '2018-04-21 08:06:51'),
	(38, 11, 'Daisy Aufderhar IV', 'Quia sint facere soluta nam qui voluptatum praesentium. Est consequatur quos eos nihil consequuntur. Corrupti sit ea sed deleniti. Dolores iusto sit et alias alias et asperiores iste.', 2, '2018-04-21 08:06:51', '2018-04-21 08:06:51'),
	(39, 30, 'Ricardo Bechtelar', 'Dolorem eos nisi qui porro repellat. Aliquid commodi iure corporis explicabo alias. Vel iste ipsum quibusdam perferendis. Consequatur ut vel laudantium aliquam excepturi ut.', 4, '2018-04-21 08:06:51', '2018-04-21 08:06:51'),
	(40, 34, 'Karine Hermann', 'Ut velit officiis dolorem similique consequuntur dolor. Aliquid molestiae ullam esse commodi nobis doloribus. Ut rerum excepturi laborum dolores placeat autem culpa sit. Dolor odit fugiat ab eaque doloremque aut sint.', 2, '2018-04-21 08:06:51', '2018-04-21 08:06:51'),
	(41, 14, 'Prof. Gaston Zieme', 'Et numquam enim quia atque autem ut numquam. Porro eum suscipit autem ut assumenda sint. Minus iure est ullam enim ab est sunt aliquam. Aut adipisci et reiciendis tenetur quia.', 4, '2018-04-21 08:06:51', '2018-04-21 08:06:51'),
	(42, 17, 'Mrs. Aubrey Johns IV', 'Pariatur omnis explicabo quam voluptas est. Quo nulla hic nobis fugit reiciendis deserunt fugit. Nulla hic quam et at repellendus enim.', 5, '2018-04-21 08:06:51', '2018-04-21 08:06:51'),
	(43, 21, 'Constance O\'Keefe', 'Eaque recusandae odit voluptatem asperiores dolorem odio reiciendis aut. Fugiat culpa doloribus alias occaecati vel quo pariatur. Exercitationem cumque atque omnis quo dolorem dicta. Ut natus optio sed.', 1, '2018-04-21 08:06:51', '2018-04-21 08:06:51'),
	(44, 41, 'Mr. Hank Doyle', 'Commodi sit quia repellendus enim et cupiditate. At in amet voluptates atque. Suscipit quaerat recusandae provident consequatur mollitia atque accusamus placeat.', 5, '2018-04-21 08:06:51', '2018-04-21 08:06:51'),
	(45, 29, 'Felipe Denesik', 'Odio qui nihil quisquam aspernatur molestiae nam provident. Nihil sed incidunt sint corrupti. Repellendus adipisci id ipsum quaerat sunt. Et ut dicta maxime.', 0, '2018-04-21 08:06:51', '2018-04-21 08:06:51'),
	(46, 43, 'Mrs. Citlalli Donnelly V', 'Expedita dolore explicabo explicabo officia rerum quaerat. Dolores itaque iste ut iste aut. Voluptatem accusantium pariatur repellat sequi. Est eaque maiores fugit tenetur.', 4, '2018-04-21 08:06:51', '2018-04-21 08:06:51'),
	(47, 28, 'Terence Wunsch', 'Quaerat rem occaecati rerum aspernatur error. Est quae nihil dolores consequatur. Eligendi dolorem quis asperiores magni.', 2, '2018-04-21 08:06:51', '2018-04-21 08:06:51'),
	(48, 13, 'Kiarra Metz', 'Sapiente pariatur impedit illo est ut maxime vero. Vitae mollitia neque explicabo ut. Distinctio et tempore ullam provident quis est deleniti. Sit qui laboriosam ut est et consectetur voluptatibus iste.', 0, '2018-04-21 08:06:51', '2018-04-21 08:06:51'),
	(49, 10, 'Janick Pollich', 'Est aut iure quibusdam quo est corporis. Aut laborum architecto amet accusamus quae. Temporibus omnis animi dolores odit debitis et.', 0, '2018-04-21 08:06:51', '2018-04-21 08:06:51'),
	(50, 37, 'Devante Hansen', 'Officiis nobis consequatur fuga ut. Asperiores explicabo autem voluptas tenetur sed nihil illum temporibus. Veniam deserunt vitae suscipit fugiat repellat.', 0, '2018-04-21 08:06:51', '2018-04-21 08:06:51'),
	(51, 37, 'Susie Ullrich MD', 'Cumque est in officia rerum. Sint similique temporibus ipsa laudantium soluta. Temporibus suscipit pariatur eligendi.', 1, '2018-04-21 08:06:51', '2018-04-21 08:06:51'),
	(52, 9, 'Mr. Austyn Keeling', 'Nesciunt molestias et molestiae velit. Quibusdam voluptas facere consequatur sit quo est veritatis. At cum non sint tempore quia.', 5, '2018-04-21 08:06:51', '2018-04-21 08:06:51'),
	(53, 39, 'Garnet Lind', 'Officia quis harum soluta consequatur. Incidunt consequatur porro fuga doloremque voluptates enim consequatur. Atque eum aliquam occaecati assumenda cupiditate minus. Mollitia nemo sapiente id mollitia tenetur cumque earum.', 5, '2018-04-21 08:06:51', '2018-04-21 08:06:51'),
	(54, 25, 'Trenton Kiehn', 'Quae reiciendis quibusdam illo alias est qui. Fuga eius cum quisquam sunt consequatur. Beatae officiis amet non dolores voluptatum a. Dolor laboriosam quia et.', 3, '2018-04-21 08:06:51', '2018-04-21 08:06:51'),
	(55, 13, 'Asha Collins III', 'Quia asperiores quo eius. Magni cupiditate reiciendis neque alias earum quod architecto. Consequatur molestias distinctio excepturi eum. Voluptatibus optio est voluptatem eius quis quibusdam nulla possimus.', 0, '2018-04-21 08:06:51', '2018-04-21 08:06:51'),
	(56, 4, 'Erica Blanda', 'Est facilis debitis sit consectetur error veritatis. Voluptatum maiores vel reprehenderit aut. Odit adipisci enim incidunt aliquid.', 0, '2018-04-21 08:06:51', '2018-04-21 08:06:51'),
	(57, 13, 'Meagan Crona', 'Sed voluptas amet possimus autem ut. Accusantium et laboriosam sit commodi. Aut et qui ab a. Aspernatur ducimus molestiae delectus voluptas.', 4, '2018-04-21 08:06:51', '2018-04-21 08:06:51'),
	(58, 42, 'Toney Ullrich PhD', 'Officia iste repellendus expedita dolorem. Hic beatae commodi excepturi voluptatem cum magnam quod. Esse corrupti quia quos iste placeat velit.', 1, '2018-04-21 08:06:51', '2018-04-21 08:06:51'),
	(59, 50, 'Prof. Floy Bednar', 'Eligendi placeat voluptatem occaecati. Rerum alias exercitationem tenetur quas.', 0, '2018-04-21 08:06:51', '2018-04-21 08:06:51'),
	(60, 29, 'Ms. Antonina Bailey DVM', 'Omnis nesciunt deleniti voluptatem eligendi sit et quidem. Id nihil et et est assumenda. Blanditiis exercitationem sunt non voluptas sint asperiores doloremque. Sit enim odit autem pariatur corrupti tempore dicta.', 0, '2018-04-21 08:06:51', '2018-04-21 08:06:51'),
	(61, 21, 'Felicita Herman', 'Voluptatem ipsam est et suscipit tempora. Deserunt qui ea dolore accusamus nihil. Dolor voluptatem ex est doloremque consectetur.', 3, '2018-04-21 08:06:51', '2018-04-21 08:06:51'),
	(62, 10, 'Ms. Ettie Watsica', 'Sit aspernatur ea natus. Quaerat et fugit omnis provident et unde itaque esse. Doloremque reprehenderit doloribus eos molestiae impedit earum.', 3, '2018-04-21 08:06:51', '2018-04-21 08:06:51'),
	(63, 11, 'Cleo Kris', 'Voluptates provident assumenda consequuntur nihil. Perspiciatis maiores voluptate est cupiditate iusto. Id doloremque alias ipsa provident et. Voluptas debitis cumque iste maxime commodi.', 0, '2018-04-21 08:06:51', '2018-04-21 08:06:51'),
	(64, 12, 'Makenna Leannon', 'Expedita ut nulla nisi ad dicta. Exercitationem alias non deleniti sint voluptas. Autem pariatur ipsum consectetur et. Sunt molestiae quaerat qui quidem mollitia ex.', 1, '2018-04-21 08:06:51', '2018-04-21 08:06:51'),
	(65, 37, 'Shyanne Kuphal', 'Alias est rem cum tenetur inventore inventore quia modi. Quidem ad non veniam est sint. Cupiditate esse qui quasi voluptatem.', 0, '2018-04-21 08:06:51', '2018-04-21 08:06:51'),
	(66, 10, 'Dr. Ryan Schmidt Sr.', 'Facilis cumque ut maxime. Enim explicabo perferendis aut ut. Praesentium error minus eos blanditiis. Tempore rerum labore perferendis placeat.', 4, '2018-04-21 08:06:51', '2018-04-21 08:06:51'),
	(67, 38, 'Maximilian Simonis', 'Ut eveniet qui id et ut ut vitae. Nulla sequi dolore quis molestiae placeat doloribus quibusdam. Aut aut veritatis illum aspernatur quos. Officia omnis sit fugit ut. Dolorem eos et neque vel molestiae suscipit.', 4, '2018-04-21 08:06:51', '2018-04-21 08:06:51'),
	(68, 4, 'Trycia Prohaska', 'Officiis maiores optio ut quod libero. Porro placeat quia non dolorem. Ratione architecto veritatis consequatur et.', 2, '2018-04-21 08:06:51', '2018-04-21 08:06:51'),
	(69, 34, 'Ms. Jazmin Considine II', 'Sint rerum voluptates consequatur exercitationem eum. Eligendi rerum ut excepturi ipsam eius. Illo maxime magni necessitatibus laudantium. Quidem possimus quibusdam tenetur sapiente repellendus rem. Veritatis eius molestias dolores aspernatur qui sed exercitationem.', 2, '2018-04-21 08:06:51', '2018-04-21 08:06:51'),
	(70, 9, 'Juanita Pfannerstill', 'Non doloribus reiciendis aliquid odit voluptatum voluptatem. Ratione nihil sint hic atque. A perferendis quia ducimus et sint. Magnam doloremque laudantium velit vel eum cum reiciendis. Placeat nobis dolorem impedit mollitia.', 5, '2018-04-21 08:06:51', '2018-04-21 08:06:51'),
	(71, 50, 'Mr. Jose Treutel', 'Porro officiis ipsa nisi consequatur. Natus nisi dolores rerum. Neque quis expedita ad. Quod qui quaerat necessitatibus quibusdam.', 1, '2018-04-21 08:06:51', '2018-04-21 08:06:51'),
	(72, 26, 'Antonietta Jacobson II', 'Necessitatibus quia corrupti reprehenderit delectus sit nulla quia. Aut in quia qui et. Et suscipit est quos quasi consequatur omnis magni. Animi quia et recusandae.', 5, '2018-04-21 08:06:51', '2018-04-21 08:06:51'),
	(73, 45, 'Lenore Monahan III', 'Eos a quisquam et delectus. Modi et placeat cumque quasi. Repellendus eum explicabo ad. Soluta facere repellendus quia id vero enim tempora cumque.', 2, '2018-04-21 08:06:51', '2018-04-21 08:06:51'),
	(74, 2, 'Dr. Colten Dickens DDS', 'Recusandae doloremque qui nihil eius eius dolorem blanditiis. Deleniti sint quis ea repellat et maxime accusamus praesentium. Ea id cupiditate qui nam et voluptas ipsam. Aut suscipit cumque et provident incidunt.', 2, '2018-04-21 08:06:51', '2018-04-21 08:06:51'),
	(75, 9, 'Mr. Johnathon Blick DVM', 'Quidem autem rerum voluptate sed dolore est. Placeat dolores ad quas ea omnis laudantium. Ipsam tenetur officia itaque occaecati dolores.', 0, '2018-04-21 08:06:51', '2018-04-21 08:06:51'),
	(76, 9, 'Dr. Emory Farrell', 'Ut temporibus est nobis quibusdam et a est. Sit ducimus illo distinctio recusandae dolores ut omnis illo. Hic perferendis nemo qui molestiae odit. Explicabo consequuntur odio est.', 3, '2018-04-21 08:06:51', '2018-04-21 08:06:51'),
	(77, 40, 'Viva Langworth I', 'Molestias a laudantium officia nihil provident dolorem. Odit ea eligendi assumenda iusto enim. Sunt aut perspiciatis quibusdam ut.', 0, '2018-04-21 08:06:51', '2018-04-21 08:06:51'),
	(78, 9, 'Karli Paucek II', 'Voluptatem non quo voluptatibus. Itaque voluptas eligendi blanditiis dolorum non a consequatur. Dolorem quaerat omnis tempore earum. Ipsum doloremque velit enim blanditiis aut est.', 0, '2018-04-21 08:06:51', '2018-04-21 08:06:51'),
	(79, 6, 'Oma Gottlieb', 'Ut veritatis inventore ut architecto sed reprehenderit quidem. Est deserunt asperiores error incidunt non ut magni saepe. Et molestiae facere vel. Perspiciatis illum enim non.', 1, '2018-04-21 08:06:51', '2018-04-21 08:06:51'),
	(80, 45, 'Mr. Gustave Bergstrom', 'Quia omnis provident dolorum sint quibusdam. Quis veniam quis debitis nemo. Natus ullam molestiae qui ipsam cumque id consequatur.', 5, '2018-04-21 08:06:51', '2018-04-21 08:06:51'),
	(81, 45, 'Rubye Wolff', 'Expedita et aliquid aut nisi. Quam voluptatem non vel sunt ullam recusandae hic. Eum corrupti sed qui omnis non nulla sequi.', 5, '2018-04-21 08:06:51', '2018-04-21 08:06:51'),
	(82, 45, 'Johnson Beer', 'Id incidunt et consequatur odit dolores porro tempora. Ipsum provident sunt et voluptas. Quia assumenda dolores quis voluptas est distinctio.', 0, '2018-04-21 08:06:51', '2018-04-21 08:06:51'),
	(83, 31, 'Ruby Schoen DDS', 'Eligendi eaque quis voluptate omnis numquam qui. Minus laborum ullam itaque. Omnis magnam dolore rerum dolores nesciunt repudiandae.', 4, '2018-04-21 08:06:51', '2018-04-21 08:06:51'),
	(84, 43, 'Lonnie Davis', 'Sunt ipsa quia quidem. Dolor non amet velit. Exercitationem et eos quisquam enim aliquam.', 1, '2018-04-21 08:06:51', '2018-04-21 08:06:51'),
	(85, 42, 'Mabel Purdy', 'Atque cum minima accusantium fugit. Expedita itaque ipsum aut veritatis a. Nulla nobis sed blanditiis architecto et. Nemo quidem perferendis pariatur.', 4, '2018-04-21 08:06:51', '2018-04-21 08:06:51'),
	(86, 7, 'Van Gleason', 'Placeat sint est sit facere veniam autem voluptas. Autem accusantium magni cumque.', 0, '2018-04-21 08:06:51', '2018-04-21 08:06:51'),
	(87, 35, 'Buck Stracke', 'Asperiores voluptatem et rerum. Autem quia officiis iusto. Sapiente facere dicta id sed molestiae adipisci ullam.', 4, '2018-04-21 08:06:51', '2018-04-21 08:06:51'),
	(88, 8, 'Yolanda Rippin', 'Veniam doloremque tenetur a in voluptatem et voluptatem quidem. Est laborum quia perferendis ab. Provident quam dolor et nihil accusantium dolor quia. Laborum fugit nobis qui eius.', 4, '2018-04-21 08:06:51', '2018-04-21 08:06:51'),
	(89, 44, 'Damian Dibbert', 'Omnis doloremque beatae dolor at est rerum omnis. Dolorem officia sunt vel nostrum iusto eum voluptas. Adipisci aperiam tempora deserunt.', 0, '2018-04-21 08:06:51', '2018-04-21 08:06:51'),
	(90, 37, 'Alicia Fritsch', 'Nemo facere molestiae provident optio aperiam voluptates. Eum tempore repudiandae enim labore dolores. Ut quos nam est qui fugiat nostrum et. Occaecati consequatur voluptas et enim. Nisi rem nulla autem qui vel.', 0, '2018-04-21 08:06:51', '2018-04-21 08:06:51'),
	(91, 49, 'Myah Hauck', 'Cumque blanditiis ex mollitia quibusdam nemo in sunt accusamus. Atque molestiae molestias iure animi. Qui eum explicabo inventore.', 1, '2018-04-21 08:06:51', '2018-04-21 08:06:51'),
	(92, 40, 'Mikel Kulas', 'Voluptas dicta laboriosam id qui eveniet voluptates. Aut deserunt molestiae dicta suscipit voluptate. Sit iste quas eos inventore error at.', 2, '2018-04-21 08:06:51', '2018-04-21 08:06:51'),
	(93, 37, 'Justina Toy MD', 'Placeat voluptatum vitae et nisi error dolorum. Dolor reprehenderit nam minus dolore autem consequatur quia molestiae. Deserunt maxime molestiae rem hic nemo suscipit quas ipsam.', 1, '2018-04-21 08:06:51', '2018-04-21 08:06:51'),
	(94, 11, 'Ellis Veum', 'Quia non et numquam facilis et itaque cumque. Natus non veritatis dolore aut quidem quia magni. Reprehenderit rerum voluptatibus nam earum. Maiores mollitia omnis magnam eum officiis. Animi ipsum in non harum totam vero.', 1, '2018-04-21 08:06:51', '2018-04-21 08:06:51'),
	(95, 50, 'Myrl Schamberger MD', 'Quaerat tenetur sunt assumenda. Expedita voluptas veritatis aut tempora. Repellendus quidem esse sit hic velit. Quam eveniet esse cumque beatae qui impedit est.', 2, '2018-04-21 08:06:51', '2018-04-21 08:06:51'),
	(96, 11, 'Malachi King', 'Voluptatibus tenetur eveniet sit qui. Velit omnis iusto porro ratione voluptatem. Non reprehenderit cumque debitis expedita molestiae. Sit aut deleniti et impedit perspiciatis.', 0, '2018-04-21 08:06:51', '2018-04-21 08:06:51'),
	(97, 11, 'Elisabeth Johnston', 'Ut sequi tenetur aut modi et. Deserunt quis consequuntur eum. Dicta mollitia laboriosam quas. Doloribus unde fugit a corrupti officiis.', 5, '2018-04-21 08:06:51', '2018-04-21 08:06:51'),
	(98, 11, 'Christ Wisozk', 'Consequatur modi voluptas aperiam velit iusto aliquid ut. Cupiditate odio unde enim. Enim facilis facere vel qui est.', 4, '2018-04-21 08:06:51', '2018-04-21 08:06:51'),
	(99, 33, 'Gino Satterfield IV', 'Et quia ut ad ut. Sed deleniti est consequuntur mollitia natus sequi. Minus laborum id et dolorem.', 4, '2018-04-21 08:06:51', '2018-04-21 08:06:51'),
	(100, 45, 'Corine Windler', 'Ipsa harum iusto possimus perferendis magnam sint. Ea error ut illum natus molestiae voluptas. Esse accusamus illo earum autem architecto et. Quasi consequatur fugit quam eos similique sed. Doloremque eaque architecto nemo quasi facere natus fuga.', 2, '2018-04-21 08:06:51', '2018-04-21 08:06:51'),
	(101, 39, 'Mr. Stanford Murazik MD', 'Eos eaque placeat id cum et. Minus nam distinctio minus debitis illum similique at. Sint esse neque et possimus reprehenderit. Numquam facere magnam temporibus dolor illum ipsa.', 1, '2018-04-21 08:06:51', '2018-04-21 08:06:51'),
	(102, 48, 'Terrell Lang', 'Consequatur non blanditiis mollitia ab nesciunt suscipit. Et repellendus est labore velit.', 1, '2018-04-21 08:06:51', '2018-04-21 08:06:51'),
	(103, 1, 'Miss Tess Champlin I', 'Reiciendis esse aspernatur odio expedita aperiam harum repudiandae. Dignissimos dolorem recusandae eos aliquam id est. Ipsam quia voluptas sapiente animi ducimus exercitationem.', 2, '2018-04-21 08:06:51', '2018-04-21 08:06:51'),
	(104, 42, 'Miss Arlie Wiegand Sr.', 'Blanditiis voluptatem eaque rerum. Pariatur similique magni sit fuga veniam quas asperiores. Ut aut itaque quibusdam explicabo ullam quis vel.', 3, '2018-04-21 08:06:51', '2018-04-21 08:06:51'),
	(105, 46, 'Jodie Bernhard', 'Voluptatem dicta in ab qui similique iure itaque quis. Quis sit aut soluta. Tempora numquam ratione nisi eius sequi tempore quam. Voluptatem et velit qui non.', 2, '2018-04-21 08:06:51', '2018-04-21 08:06:51'),
	(106, 9, 'Guido Breitenberg', 'Sunt consequatur ex sit. Vel possimus in similique et deserunt aut et non. Aut cupiditate placeat tempora assumenda tempora non asperiores aut. Ut expedita quibusdam quam.', 4, '2018-04-21 08:06:51', '2018-04-21 08:06:51'),
	(107, 45, 'Shad Hoeger', 'Autem sunt ducimus aspernatur aliquam nemo labore consequuntur est. Aut aliquam placeat in sint. Saepe reprehenderit qui recusandae quia quos provident. Enim et qui et inventore numquam repellendus quam et.', 4, '2018-04-21 08:06:51', '2018-04-21 08:06:51'),
	(108, 14, 'Dr. Hilario Bruen V', 'Temporibus tempora inventore magnam odio error nisi placeat dolorem. Temporibus sint perspiciatis et harum quia culpa.', 5, '2018-04-21 08:06:51', '2018-04-21 08:06:51'),
	(109, 46, 'Kurtis Zulauf I', 'Temporibus temporibus facilis fuga voluptatem neque suscipit exercitationem. Rem aut quaerat neque enim similique. Tempore neque consectetur quas necessitatibus.', 1, '2018-04-21 08:06:51', '2018-04-21 08:06:51'),
	(110, 14, 'Lewis Nicolas', 'Eveniet numquam repudiandae vel tenetur vel similique ipsa. Dolores modi nam voluptas impedit id accusamus. Ducimus autem enim rerum nostrum. Autem porro distinctio ut reprehenderit.', 3, '2018-04-21 08:06:51', '2018-04-21 08:06:51'),
	(111, 45, 'Opal Frami Sr.', 'Quae aut et assumenda itaque et sed qui. Esse labore nobis consequatur libero porro eaque.', 2, '2018-04-21 08:06:51', '2018-04-21 08:06:51'),
	(112, 27, 'Eli Bosco', 'Voluptatem quasi dicta eius ut et ab. Omnis et cum quod voluptates. Adipisci quas omnis tenetur illo vitae et recusandae.', 0, '2018-04-21 08:06:51', '2018-04-21 08:06:51'),
	(113, 34, 'Ramona Reichel', 'A quia sed magni. Tempore consequuntur sed repellat quos. Quis nam dignissimos eos accusantium est quia impedit. Numquam sapiente animi adipisci.', 4, '2018-04-21 08:06:51', '2018-04-21 08:06:51'),
	(114, 35, 'Pamela Beer', 'Accusantium fuga aut autem quod. Blanditiis voluptas architecto aspernatur accusantium aut. Fugiat et maiores sed dolores velit.', 3, '2018-04-21 08:06:51', '2018-04-21 08:06:51'),
	(115, 34, 'Miss Berniece Kuphal II', 'Et fuga consectetur officia molestiae. Voluptas vel odit consequatur consequatur et. Vitae dolorem saepe ut nihil illum. Rerum error ut asperiores dolor totam.', 2, '2018-04-21 08:06:51', '2018-04-21 08:06:51'),
	(116, 7, 'Dr. Mackenzie Frami', 'Dolore sit dicta earum quo. Sed libero quasi laudantium ex. Sunt doloremque id reprehenderit reiciendis quia non. Totam odio molestiae qui perspiciatis ut pariatur est aut.', 2, '2018-04-21 08:06:51', '2018-04-21 08:06:51'),
	(117, 15, 'Dr. Gertrude Trantow IV', 'In quia voluptatem incidunt dolorum iure veritatis. Perspiciatis magnam quia aut ipsum nesciunt dolore odit cumque.', 0, '2018-04-21 08:06:51', '2018-04-21 08:06:51'),
	(118, 19, 'Hertha Leffler Sr.', 'Fuga repudiandae alias recusandae placeat. Tempore vel nihil doloremque ipsa at omnis vitae. Eaque adipisci rerum mollitia tempore doloremque et sit.', 4, '2018-04-21 08:06:51', '2018-04-21 08:06:51'),
	(119, 29, 'Edward Grimes', 'Sunt amet aut dolore officia optio error nemo. Aut eaque nostrum et necessitatibus. Ea nihil blanditiis aut aut hic mollitia.', 2, '2018-04-21 08:06:51', '2018-04-21 08:06:51'),
	(120, 23, 'Coy Torp', 'Quo corporis sit et modi ut omnis magnam. Dolor voluptatem maiores dolor. Et labore nisi et sit. Doloribus neque quod in ut similique ea.', 0, '2018-04-21 08:06:51', '2018-04-21 08:06:51'),
	(121, 11, 'Sienna Kozey', 'Omnis repudiandae odio dolores. Minus beatae vero rem. Quia excepturi cum vero id iusto nihil sint. Pariatur veritatis recusandae impedit veniam ut quidem.', 1, '2018-04-21 08:06:51', '2018-04-21 08:06:51'),
	(122, 9, 'Arnaldo Schiller', 'Nam aut voluptas autem ullam voluptatem eligendi. Voluptatem id odio quam sint. Rerum aut ipsam neque rerum adipisci perferendis est. Alias consectetur placeat recusandae eum sed beatae quos.', 4, '2018-04-21 08:06:51', '2018-04-21 08:06:51'),
	(123, 8, 'Dr. Mollie Jenkins I', 'Beatae sit iste harum alias porro. Quibusdam officiis et iusto. Sit assumenda eveniet laborum omnis. Molestiae fuga est ad qui.', 0, '2018-04-21 08:06:51', '2018-04-21 08:06:51'),
	(124, 12, 'Mafalda Borer I', 'Ut tempore officiis recusandae possimus temporibus. Ut accusantium est deleniti. Ut rem itaque odit qui asperiores et. Enim quis assumenda id.', 3, '2018-04-21 08:06:51', '2018-04-21 08:06:51'),
	(125, 16, 'Lester Adams', 'Natus dicta ut ut dolores sunt dolorem quo voluptatum. Nisi mollitia praesentium et sunt eum voluptas ipsum. Blanditiis qui voluptas eos vero architecto voluptatem magnam. Pariatur sint distinctio et at. Amet eum deleniti voluptas consequatur.', 0, '2018-04-21 08:06:51', '2018-04-21 08:06:51'),
	(126, 23, 'Coby Cruickshank', 'Laudantium exercitationem beatae sequi beatae architecto doloribus et. Rem dolorem consectetur qui quidem velit. Modi cumque optio sed deleniti.', 2, '2018-04-21 08:06:51', '2018-04-21 08:06:51'),
	(127, 22, 'Ida Ward I', 'Ut commodi neque et est qui aliquid voluptates tempore. Qui quae ut vel consectetur. Reiciendis veniam minus eaque. Quibusdam perferendis sed eveniet nulla ipsa harum.', 0, '2018-04-21 08:06:51', '2018-04-21 08:06:51'),
	(128, 41, 'Dr. Cayla Christiansen MD', 'Facilis officiis alias beatae consequatur officiis omnis ratione. Id omnis molestiae tempora eum voluptatum nihil sunt. Atque id deserunt aut numquam officiis suscipit ipsa.', 3, '2018-04-21 08:06:51', '2018-04-21 08:06:51'),
	(129, 44, 'Miss Imogene Welch', 'Eos et consectetur odio deleniti. Optio iusto repellat molestias voluptatem voluptatem. Corporis natus quo perferendis at quia nam rerum. Ipsam dolor aut velit alias consequatur consequatur.', 5, '2018-04-21 08:06:51', '2018-04-21 08:06:51'),
	(130, 48, 'Abigail Douglas', 'Quod consequuntur consectetur autem qui natus. Aut sed rerum pariatur in totam mollitia. Aspernatur sit velit soluta enim.', 0, '2018-04-21 08:06:51', '2018-04-21 08:06:51'),
	(131, 29, 'Lindsay Rempel', 'Nesciunt officia libero non omnis iure incidunt aut. Voluptas nisi magni voluptatem rerum sed excepturi eligendi. Optio fugit nostrum veniam. Modi consectetur dicta ex id a dolorum.', 4, '2018-04-21 08:06:51', '2018-04-21 08:06:51'),
	(132, 11, 'Larry Reynolds', 'Adipisci molestiae praesentium commodi exercitationem veritatis minima mollitia quasi. Sed illo et pariatur explicabo temporibus. Perferendis corporis possimus assumenda est. Velit non doloremque magni.', 5, '2018-04-21 08:06:51', '2018-04-21 08:06:51'),
	(133, 43, 'Dr. Aiyana Braun', 'Nobis nulla repellat aut quisquam eum. Ut quos quod occaecati rerum eius. Dolorem iusto similique et excepturi. Quasi veritatis quis eius. Nulla non dolores a.', 3, '2018-04-21 08:06:51', '2018-04-21 08:06:51'),
	(134, 22, 'Miss Pasquale Fisher I', 'Omnis tempora vel earum repellendus ab. Unde accusamus et quaerat. Voluptatem saepe dolores soluta soluta et. Consequuntur ducimus sed asperiores.', 1, '2018-04-21 08:06:51', '2018-04-21 08:06:51'),
	(135, 8, 'Tressie Barton', 'Sint corrupti unde adipisci suscipit doloremque nihil harum. Laborum ut dicta cupiditate inventore. Ratione est eum commodi aliquam consequatur harum. Voluptas eligendi quasi officia eos aliquid voluptas sapiente.', 1, '2018-04-21 08:06:51', '2018-04-21 08:06:51'),
	(136, 20, 'Ms. Martine Lindgren III', 'Sint atque quos provident impedit eum ut. Rerum rerum perferendis quod enim distinctio officiis officia. Mollitia placeat facilis nesciunt. Quia et culpa corrupti qui.', 1, '2018-04-21 08:06:51', '2018-04-21 08:06:51'),
	(137, 50, 'Ericka Waters III', 'Soluta reiciendis excepturi voluptate provident. Voluptatem eos molestiae repellat consequatur nulla debitis cupiditate. Odit vel officia illum aut explicabo neque.', 5, '2018-04-21 08:06:51', '2018-04-21 08:06:51'),
	(138, 40, 'Blaze Wuckert', 'Ut id facere ad ratione. Corrupti optio et blanditiis doloribus unde natus ad. Maxime cumque eaque dolorum fugiat ut.', 4, '2018-04-21 08:06:51', '2018-04-21 08:06:51'),
	(139, 43, 'Prof. Joshua Gutkowski', 'Qui excepturi doloremque qui nisi. Autem illum explicabo iusto est. Aliquam rerum eveniet repellat tenetur. Libero nesciunt laborum aut perspiciatis dolores voluptatem ut doloribus.', 0, '2018-04-21 08:06:51', '2018-04-21 08:06:51'),
	(140, 4, 'Albin Abernathy I', 'Et veritatis commodi veniam officiis pariatur. Ab corrupti reprehenderit odio dignissimos alias. Tempore repellat nam est et recusandae facilis.', 4, '2018-04-21 08:06:51', '2018-04-21 08:06:51'),
	(141, 38, 'Candice Flatley', 'Est asperiores unde voluptas officiis qui. Maiores sunt quidem debitis et error est vitae.', 2, '2018-04-21 08:06:51', '2018-04-21 08:06:51'),
	(142, 36, 'Lewis Leffler', 'Iure consequuntur reiciendis culpa ea quae autem aut. Repudiandae deserunt sed voluptas. Aliquid expedita voluptatem saepe et qui porro. Deleniti aut minima iure doloremque consectetur quia id et. Natus aperiam nobis nihil ullam.', 4, '2018-04-21 08:06:51', '2018-04-21 08:06:51'),
	(143, 35, 'Isaiah Pouros', 'Dolor minima aut molestiae quidem quia ut. Praesentium ratione et est illum.', 2, '2018-04-21 08:06:51', '2018-04-21 08:06:51'),
	(144, 46, 'Sterling Klein', 'Ut laborum voluptatem dolores similique iste odio eos. Aliquid minus inventore iusto non. Nihil illo porro est earum quia dolore sunt necessitatibus.', 2, '2018-04-21 08:06:51', '2018-04-21 08:06:51'),
	(145, 26, 'Prof. Jarret Runte V', 'Placeat est aut laudantium a beatae eum culpa vero. Molestiae in sit dolor sunt consequatur. Recusandae autem officiis deserunt omnis molestiae sunt aliquam. Vitae repudiandae minus nihil ut reiciendis omnis consequatur.', 3, '2018-04-21 08:06:51', '2018-04-21 08:06:51'),
	(146, 23, 'Sister Dooley', 'Aut aliquid enim inventore ex. Ratione nihil tenetur veniam eveniet magnam enim commodi neque. Et vel molestiae est et omnis impedit quos. Rerum rerum sapiente enim explicabo aut quia.', 4, '2018-04-21 08:06:51', '2018-04-21 08:06:51'),
	(147, 28, 'Kenyatta Klein', 'Eius repellendus suscipit et inventore nobis impedit. Eum eum sed praesentium esse qui doloribus aperiam.', 5, '2018-04-21 08:06:51', '2018-04-21 08:06:51'),
	(148, 36, 'Zander Jakubowski', 'Deleniti dolor sed aut velit et molestiae similique. Dolor sit amet voluptas reprehenderit fugiat. Et odio minima dolorem quod qui.', 5, '2018-04-21 08:06:51', '2018-04-21 08:06:51'),
	(149, 39, 'Mariah Predovic', 'Atque iste doloribus qui sit asperiores. Distinctio perferendis quasi minima ut fuga omnis provident. Occaecati consequuntur explicabo sed amet impedit quas. Dolor adipisci distinctio eos reprehenderit expedita dignissimos.', 2, '2018-04-21 08:06:51', '2018-04-21 08:06:51'),
	(150, 34, 'Collin McKenzie', 'Laudantium sunt quo iusto in ut consequatur non laudantium. Neque est ratione quidem ea rerum temporibus. Hic consectetur nobis aut esse. Quo architecto voluptas neque sequi. Odio quisquam sequi voluptatum fugiat quaerat.', 3, '2018-04-21 08:06:51', '2018-04-21 08:06:51'),
	(151, 30, 'Kraig Walker', 'Dolore quisquam eveniet temporibus recusandae nemo. Et laboriosam quam dolorem quia eligendi consequatur. Accusamus quae non aut ratione enim tempore quos. Quia dolorem illo magni animi repudiandae facere dicta.', 3, '2018-04-21 08:06:51', '2018-04-21 08:06:51'),
	(152, 18, 'Clement Lang', 'Cum asperiores eligendi sit soluta aliquam fuga. Aut qui aspernatur architecto error eos. Laborum explicabo aut ex velit.', 4, '2018-04-21 08:06:51', '2018-04-21 08:06:51'),
	(153, 21, 'Demarco Kulas', 'Aut est et illum numquam in in animi. Accusantium ipsa aut consequuntur hic cumque. Nihil ea consequatur commodi consequuntur. Qui cupiditate eum vel.', 3, '2018-04-21 08:06:51', '2018-04-21 08:06:51'),
	(154, 15, 'Prof. Savanah Sipes', 'Est qui ipsam et. Voluptatem vero et fugit eius repellendus laudantium rerum aut. Neque reiciendis quas numquam neque ut voluptatem facilis.', 4, '2018-04-21 08:06:51', '2018-04-21 08:06:51'),
	(155, 11, 'Heidi Klein DDS', 'At quibusdam eligendi quas ipsa reprehenderit veniam expedita. Quia dolorem voluptas autem voluptas quis. Voluptatem voluptatem alias temporibus ullam.', 1, '2018-04-21 08:06:51', '2018-04-21 08:06:51'),
	(156, 14, 'Elenora Stanton', 'Accusamus libero repellendus quasi cumque veritatis id. Facere ipsa deleniti est consequuntur illo explicabo. Omnis ducimus quo sit enim aut voluptatum officia. Laudantium pariatur aperiam et quidem est.', 4, '2018-04-21 08:06:51', '2018-04-21 08:06:51'),
	(157, 5, 'Jay Franecki', 'Explicabo non ad consectetur eligendi. Et sit est accusantium. Sit eaque iste est id sapiente aut provident aut. Pariatur corporis provident et nam hic omnis vero.', 1, '2018-04-21 08:06:51', '2018-04-21 08:06:51'),
	(158, 42, 'Treva Metz', 'Quaerat vero perferendis et ut non cum. Aperiam omnis maiores porro molestiae rerum. Doloremque dolorum amet facere labore dolor. Et facere similique voluptas.', 5, '2018-04-21 08:06:51', '2018-04-21 08:06:51'),
	(159, 43, 'Alfred Weissnat', 'Ipsam aut at voluptate rerum eaque illum pariatur. Maiores aut reprehenderit et. Dolorem ut praesentium dolor sequi.', 2, '2018-04-21 08:06:51', '2018-04-21 08:06:51'),
	(160, 29, 'Ulices Howe', 'Eos illum qui perspiciatis corporis rerum. Rem cupiditate vel sapiente ut. Corporis totam ipsa animi dolores architecto tenetur. Magni eos facere eos hic quo.', 0, '2018-04-21 08:06:51', '2018-04-21 08:06:51'),
	(161, 26, 'Birdie Romaguera', 'Corporis explicabo id reiciendis rerum saepe molestiae expedita cum. Itaque optio corporis adipisci quisquam qui. Odit cumque ut autem incidunt. Ipsa a ratione et soluta quia consequatur inventore repudiandae.', 1, '2018-04-21 08:06:51', '2018-04-21 08:06:51'),
	(162, 20, 'Otis Hand', 'Assumenda consequuntur dolorem quis possimus quod dolorem. Vitae repellat id cupiditate omnis nisi dolorum soluta distinctio. Id sunt incidunt qui dolorem dolorum.', 1, '2018-04-21 08:06:51', '2018-04-21 08:06:51'),
	(163, 27, 'Prof. Deven Hills', 'Eos consequuntur sed qui nam aut tempore. Minima voluptatum similique adipisci in. Aliquam quas itaque voluptatibus qui cumque qui fugiat. Sapiente ratione distinctio a pariatur.', 1, '2018-04-21 08:06:51', '2018-04-21 08:06:51'),
	(164, 15, 'Milan Cummerata', 'Nihil molestiae facere perspiciatis incidunt laborum tenetur. Voluptatem fuga et aliquid sed dolores reiciendis voluptatem. In ut porro sequi repudiandae. Illo et dolore est officia quidem magni optio.', 2, '2018-04-21 08:06:51', '2018-04-21 08:06:51'),
	(165, 4, 'Jett Murazik DVM', 'Dolorum recusandae temporibus delectus dolor reprehenderit neque. Esse saepe eum ratione aut magni.', 2, '2018-04-21 08:06:51', '2018-04-21 08:06:51'),
	(166, 45, 'Selmer Jacobson', 'Et ut magnam minus voluptatem. Delectus iusto quia fugiat fuga amet aperiam nulla. Provident alias nam et consequuntur ut.', 3, '2018-04-21 08:06:51', '2018-04-21 08:06:51'),
	(167, 47, 'Vaughn Fahey DDS', 'Inventore et minima voluptatibus neque. Incidunt itaque eaque eum voluptas quidem. Doloribus recusandae et dolores eum modi sint corrupti. Illo qui officia omnis dolorum sed.', 2, '2018-04-21 08:06:51', '2018-04-21 08:06:51'),
	(168, 23, 'Abdullah Brakus', 'In exercitationem blanditiis fugit architecto. Neque aliquid qui iusto ipsum omnis qui incidunt. Sit illo quia voluptatem veniam recusandae aut distinctio.', 0, '2018-04-21 08:06:51', '2018-04-21 08:06:51'),
	(169, 13, 'Josephine Wintheiser', 'Corrupti ducimus hic aut voluptatem. Nam sunt hic delectus et optio. Magnam nam voluptas deserunt beatae.', 5, '2018-04-21 08:06:51', '2018-04-21 08:06:51'),
	(170, 31, 'Brock Kovacek', 'Sint ex qui blanditiis at consequatur. A ducimus ut quidem nisi nostrum quibusdam vel assumenda. Natus in necessitatibus consequatur quo ad a.', 1, '2018-04-21 08:06:51', '2018-04-21 08:06:51'),
	(171, 10, 'Ole Wiegand', 'Omnis nihil vel occaecati quibusdam quod culpa et. Odit nostrum nulla quis nulla. Vel voluptates aut quam perferendis voluptatum dolorem dolor. Omnis tenetur eligendi voluptatibus asperiores eum aspernatur.', 0, '2018-04-21 08:06:51', '2018-04-21 08:06:51'),
	(172, 21, 'Roslyn Leuschke', 'Omnis nesciunt unde perferendis inventore magni facilis. Voluptatem sint neque cumque maxime eum. Velit veniam voluptas totam ad repudiandae sunt. Rerum error ex labore.', 4, '2018-04-21 08:06:51', '2018-04-21 08:06:51'),
	(173, 34, 'Prof. Milan Klein Sr.', 'Harum tenetur modi exercitationem et. Veniam amet temporibus nihil consequatur sint aut ipsam. Corporis et sit quia porro repellendus debitis dolor. Dolores totam sequi totam vero sequi ducimus velit incidunt. Voluptate magni commodi quidem.', 3, '2018-04-21 08:06:51', '2018-04-21 08:06:51'),
	(174, 37, 'Frederique Kuhlman', 'Commodi facere doloribus adipisci et non. Veniam et at dolore asperiores aut. Nihil est qui tempora facere qui ut. Repellendus consequatur quis qui consequatur et ipsa.', 2, '2018-04-21 08:06:51', '2018-04-21 08:06:51'),
	(175, 15, 'Lennie Koch', 'Ad et nam facilis repellendus deserunt vel dicta. Harum enim voluptatem dolor incidunt consequatur. Atque et et delectus ut. Est occaecati libero ut est a laboriosam fugiat quo.', 1, '2018-04-21 08:06:51', '2018-04-21 08:06:51'),
	(176, 37, 'Dr. Doris Kihn', 'Molestiae dolor illo repellendus quo. Et numquam possimus debitis omnis. Sit et rem ea autem quia autem et corporis. Omnis officia sit nobis.', 3, '2018-04-21 08:06:51', '2018-04-21 08:06:51'),
	(177, 46, 'Kendra Connelly', 'Provident et officiis et sed eum tenetur. Ut minima officiis voluptatem pariatur fugiat iure. Repellat odit quas in rerum exercitationem. Et saepe iusto voluptate animi odit.', 3, '2018-04-21 08:06:51', '2018-04-21 08:06:51'),
	(178, 40, 'Ms. Telly Orn', 'Rerum ut est magni. Placeat ipsum excepturi debitis assumenda amet in. Quod vel hic et ipsam neque quis et. Exercitationem nulla rerum quo voluptas a ullam.', 2, '2018-04-21 08:06:51', '2018-04-21 08:06:51'),
	(179, 10, 'Ms. Maribel Waters DDS', 'Dolorem doloremque magni blanditiis nobis et exercitationem enim ut. Illo earum odio nulla quisquam similique magnam. Ducimus tempora esse atque autem excepturi dolorem.', 4, '2018-04-21 08:06:51', '2018-04-21 08:06:51'),
	(180, 17, 'Nellie Pacocha', 'Sit enim reprehenderit earum sequi et. Distinctio voluptates sed deleniti dicta omnis eveniet aliquid. Tempora eum vel accusantium repellat et est est sunt. Fuga labore hic temporibus cum.', 1, '2018-04-21 08:06:51', '2018-04-21 08:06:51'),
	(181, 20, 'Prof. Friedrich Lang IV', 'Ipsam eius rem voluptatem veritatis assumenda eum. Sunt asperiores ipsum sunt ut vel. Velit est cum consequatur enim ut praesentium aut atque.', 1, '2018-04-21 08:06:51', '2018-04-21 08:06:51'),
	(182, 48, 'Dr. Forest Graham', 'Dolor dolorem et accusantium sit. Non quo quo qui. In aut necessitatibus vel et ut aut voluptatem et.', 1, '2018-04-21 08:06:51', '2018-04-21 08:06:51'),
	(183, 24, 'Liza Harris', 'Iure reiciendis enim dolor quod et ipsam. Ad incidunt totam enim nulla voluptate consequuntur iusto aliquid. Quo aliquid ullam atque. Omnis voluptas deserunt qui est mollitia modi.', 1, '2018-04-21 08:06:51', '2018-04-21 08:06:51'),
	(184, 26, 'Maegan Schimmel', 'Officiis quidem quo laborum consequatur et commodi. Voluptas qui odit voluptas eum. Laudantium fugit sed atque voluptas.', 5, '2018-04-21 08:06:51', '2018-04-21 08:06:51'),
	(185, 6, 'Prof. Brenden Ritchie MD', 'Harum ex eius eos. Perferendis voluptatem iusto quia cum velit est. Temporibus eaque est illum dicta omnis facilis voluptates.', 1, '2018-04-21 08:06:51', '2018-04-21 08:06:51'),
	(186, 47, 'Ida Medhurst', 'Reiciendis eius quos nobis dolorem earum nam praesentium. Tempora tempora ipsa distinctio officiis. Similique mollitia aliquam necessitatibus nostrum atque vel quo. Et veritatis sequi non deleniti placeat perferendis sunt similique.', 3, '2018-04-21 08:06:51', '2018-04-21 08:06:51'),
	(187, 3, 'Mr. Reynold Legros', 'Repellendus exercitationem ex veniam ad et et veritatis. Repudiandae beatae ea voluptatibus voluptatum necessitatibus. Accusantium officiis asperiores aut voluptatum facilis.', 3, '2018-04-21 08:06:51', '2018-04-21 08:06:51'),
	(188, 27, 'Miss Yazmin Muller', 'Quod et at et in. Non quis minima dignissimos voluptas. Pariatur quas explicabo maxime veniam ad qui.', 4, '2018-04-21 08:06:51', '2018-04-21 08:06:51'),
	(189, 41, 'Florian Wuckert', 'Voluptatem velit magnam reprehenderit suscipit esse officia. Consequuntur numquam corporis et molestiae dolores earum modi. Officia et eaque animi aut minus officiis.', 0, '2018-04-21 08:06:51', '2018-04-21 08:06:51'),
	(190, 2, 'Shana Pfannerstill', 'Sit neque molestiae debitis similique qui. Quas laudantium commodi esse sequi eum quis vero. Occaecati asperiores nobis nesciunt.', 3, '2018-04-21 08:06:51', '2018-04-21 08:06:51'),
	(191, 10, 'Miss Juliet Terry MD', 'Officiis totam ut ad unde ut. Facere omnis quae illum qui qui est quo. Iste voluptatem repellendus eaque quo delectus repudiandae.', 0, '2018-04-21 08:06:51', '2018-04-21 08:06:51'),
	(192, 44, 'Sandy Bogisich PhD', 'Enim aut molestiae molestiae nisi. Eos aut sapiente aut voluptate qui sint. Nisi consequatur consequatur veritatis sequi. Dolor autem quod omnis libero vel earum hic.', 0, '2018-04-21 08:06:51', '2018-04-21 08:06:51'),
	(193, 33, 'Andreane Lind Sr.', 'Nemo rerum ratione vel et quam iusto quod. Quae quibusdam velit recusandae facilis ut. Et occaecati facilis incidunt placeat voluptas repellendus.', 4, '2018-04-21 08:06:51', '2018-04-21 08:06:51'),
	(194, 13, 'Eldora Bosco', 'Consequatur a tenetur dolor odio necessitatibus quo non beatae. Ea ipsa totam qui officia. Et cupiditate totam voluptates expedita quod non sed quibusdam. Itaque blanditiis totam quo similique maxime eos.', 0, '2018-04-21 08:06:51', '2018-04-21 08:06:51'),
	(195, 22, 'Dr. Mark Walter', 'Dolor quam et nam. Magnam consequatur provident quisquam quas adipisci nihil. Aspernatur minima non quam doloribus ut et eligendi. Error quidem magni similique rerum recusandae iure.', 3, '2018-04-21 08:06:51', '2018-04-21 08:06:51'),
	(196, 28, 'Miss Nyasia Sawayn I', 'Aspernatur quidem sit esse in qui. Necessitatibus sed exercitationem enim deleniti sunt. Quidem dolores et quidem non debitis voluptatem velit. Reprehenderit mollitia sunt et blanditiis nisi architecto temporibus.', 0, '2018-04-21 08:06:51', '2018-04-21 08:06:51'),
	(197, 31, 'Mrs. Alfreda Cole V', 'Autem officia molestiae soluta laborum ab quia eum. Consequuntur animi consequatur sunt tempora quo hic assumenda. Porro aperiam qui non voluptatem. Voluptate accusantium voluptas eum natus at qui.', 3, '2018-04-21 08:06:51', '2018-04-21 08:06:51'),
	(198, 40, 'Miss Alysha Gusikowski', 'Officiis provident animi consequatur aut ea est rerum. Numquam dolore commodi odit dolor voluptate maiores maxime hic. Omnis incidunt omnis repudiandae occaecati. Enim ut voluptatem voluptas eius velit.', 4, '2018-04-21 08:06:51', '2018-04-21 08:06:51'),
	(199, 13, 'Cathy Legros', 'Dolorem et vel sit aut ipsum. Harum consequatur earum et adipisci qui ex. Fuga soluta sed ratione ut nesciunt. Nihil ex commodi eligendi.', 3, '2018-04-21 08:06:51', '2018-04-21 08:06:51'),
	(200, 45, 'Mrs. Antonetta Hegmann', 'Ut aut ut dolorum labore. Porro eveniet quaerat error sit. Quia sed aspernatur autem est omnis. Recusandae est doloremque dolores.', 3, '2018-04-21 08:06:51', '2018-04-21 08:06:51'),
	(201, 46, 'Thomas Steuber', 'Iste a aut incidunt qui nam voluptas assumenda. Molestias eaque officia ut. Id et illo dolorum aut eaque dolorem aut ipsa.', 5, '2018-04-21 08:06:51', '2018-04-21 08:06:51'),
	(202, 12, 'Kathryn Upton', 'Recusandae vero quos architecto nam assumenda cupiditate. Modi tempora libero quasi vitae explicabo et repellat. Aut ex laboriosam illum eius quod saepe.', 5, '2018-04-21 08:06:51', '2018-04-21 08:06:51'),
	(203, 4, 'Carmella Cormier', 'Dolorum harum voluptates repellat minus et. Nam quo at voluptatem rerum corporis. Eveniet eos enim animi beatae sapiente.', 3, '2018-04-21 08:06:51', '2018-04-21 08:06:51'),
	(204, 5, 'Alexandra Cronin', 'Dolorem esse beatae adipisci consequatur soluta sed. Nam sunt dicta necessitatibus consequatur aut corporis. Ut et enim sunt ipsa sint. Exercitationem repudiandae enim unde ab.', 4, '2018-04-21 08:06:51', '2018-04-21 08:06:51'),
	(205, 37, 'Clare Orn Sr.', 'Placeat dolores quo ut eligendi consequatur reprehenderit. Atque modi occaecati dolore iure aliquid. Facilis nam id omnis consequuntur vitae tempore.', 2, '2018-04-21 08:06:51', '2018-04-21 08:06:51'),
	(206, 3, 'Miss Lupe Haley II', 'Ut sunt iste sed excepturi aliquam iusto aut qui. Non consectetur ratione quae nihil. Corporis sequi vel dolore et cumque. Cum et qui omnis libero.', 5, '2018-04-21 08:06:51', '2018-04-21 08:06:51'),
	(207, 16, 'Mervin O\'Conner', 'Suscipit eos quis et non. Tempore non hic numquam natus magni dolorem qui. Fugit veritatis mollitia quidem voluptates ut excepturi consequatur.', 2, '2018-04-21 08:06:51', '2018-04-21 08:06:51'),
	(208, 47, 'Russ Denesik', 'Vero a dolore eveniet reiciendis. Ducimus beatae laborum a est deserunt reiciendis. Ea harum vel omnis voluptas tenetur minima soluta qui. Dolores animi dignissimos culpa placeat et deleniti necessitatibus.', 4, '2018-04-21 08:06:51', '2018-04-21 08:06:51'),
	(209, 34, 'Hayley Wyman', 'Itaque sunt reiciendis atque natus aperiam. Consequatur et molestiae rerum quasi rerum cum nostrum quia. Quis ab amet esse dolor doloremque. Et aspernatur porro in rerum ut.', 1, '2018-04-21 08:06:51', '2018-04-21 08:06:51'),
	(210, 48, 'Terence Kling Sr.', 'Ullam modi voluptatem quam consequatur. Omnis accusantium eos nostrum vitae inventore eum. Assumenda sed qui ex odio sunt distinctio. Enim voluptate sint rem saepe nostrum esse.', 3, '2018-04-21 08:06:51', '2018-04-21 08:06:51'),
	(211, 40, 'Prof. Santina Hayes DVM', 'Natus ut deserunt est tempore omnis odio optio pariatur. Sit expedita deserunt pariatur. Repudiandae eos amet rerum suscipit non magnam reiciendis.', 1, '2018-04-21 08:06:51', '2018-04-21 08:06:51'),
	(212, 30, 'Dr. Adeline Fritsch V', 'Deleniti ut voluptate qui. Sed ab aut et ipsum. Suscipit deserunt nihil laborum eum sapiente.', 4, '2018-04-21 08:06:51', '2018-04-21 08:06:51'),
	(213, 24, 'Ayana Fadel', 'Similique aliquid commodi consequatur exercitationem. Distinctio doloremque placeat voluptatum exercitationem consequatur voluptatem. Voluptatibus aut et eligendi et distinctio eius excepturi.', 1, '2018-04-21 08:06:51', '2018-04-21 08:06:51'),
	(214, 8, 'Prof. Verner Hintz', 'Sint atque vitae dicta id nesciunt et. Numquam aliquid adipisci dolor placeat velit. Enim consequatur quos quos quia non et sunt.', 1, '2018-04-21 08:06:51', '2018-04-21 08:06:51'),
	(215, 9, 'Miss Else Gorczany IV', 'Eum deserunt pariatur sit veritatis nobis porro. Tempore minima aut dolores ut qui voluptas voluptas. Excepturi aliquam error enim enim delectus iusto eos.', 4, '2018-04-21 08:06:51', '2018-04-21 08:06:51'),
	(216, 7, 'Bernhard Stroman', 'Explicabo dolor ipsum facere et qui. Et quam molestias rerum ut. Aut officia qui ut consequatur nostrum odit. Et fuga harum repellat debitis sint ut quos.', 0, '2018-04-21 08:06:51', '2018-04-21 08:06:51'),
	(217, 36, 'Myrna Glover PhD', 'Unde quaerat ab error praesentium hic non tempora. Odit minima iusto pariatur officiis quia praesentium. Quos esse ut odit eveniet. Eum delectus consectetur aut. Voluptatem minima consectetur rerum quae officia unde dolorum.', 5, '2018-04-21 08:06:51', '2018-04-21 08:06:51'),
	(218, 12, 'Zaria Erdman', 'Aspernatur enim at voluptas voluptas architecto. Consectetur maiores et adipisci rem sequi. Quis illo necessitatibus qui atque distinctio aspernatur quasi enim.', 5, '2018-04-21 08:06:51', '2018-04-21 08:06:51'),
	(219, 5, 'Carley Effertz', 'Minus et sunt consequatur iusto et odit. Quis ea atque et ex cum. Molestiae optio blanditiis neque incidunt. Sint recusandae consectetur voluptas est sapiente qui temporibus.', 4, '2018-04-21 08:06:51', '2018-04-21 08:06:51'),
	(220, 45, 'Shanie Graham', 'Consequatur dicta exercitationem ipsum animi. Ea harum deleniti asperiores expedita autem id. Non debitis doloribus sequi.', 2, '2018-04-21 08:06:51', '2018-04-21 08:06:51'),
	(221, 36, 'Demetrius Rippin III', 'Est perspiciatis iste aut. Dolorem velit blanditiis occaecati animi sapiente minus.', 2, '2018-04-21 08:06:51', '2018-04-21 08:06:51'),
	(222, 21, 'Ryleigh Smitham', 'Eum iste quae autem hic omnis. Iure et voluptatem libero non ea repudiandae vel. Officiis aut porro id maxime debitis.', 2, '2018-04-21 08:06:51', '2018-04-21 08:06:51'),
	(223, 9, 'Skyla Abernathy I', 'Nisi veritatis et aperiam est quibusdam illum. Totam cum commodi delectus laudantium culpa exercitationem. Ipsum maxime placeat voluptas aut officiis non.', 3, '2018-04-21 08:06:51', '2018-04-21 08:06:51'),
	(224, 21, 'Cayla Koepp', 'Alias voluptatibus animi ut eligendi. Aperiam suscipit eaque autem quibusdam. Numquam facilis temporibus quaerat hic eligendi. Non nihil et eos illum quaerat adipisci dolor.', 4, '2018-04-21 08:06:51', '2018-04-21 08:06:51'),
	(225, 9, 'Prof. Carolyne Littel II', 'Nihil aut temporibus harum incidunt. Tempora dolore atque et. Suscipit fuga voluptatem occaecati ea.', 0, '2018-04-21 08:06:51', '2018-04-21 08:06:51'),
	(226, 41, 'Brody McCullough', 'Qui vel quia doloremque amet doloremque et. Fugit sed exercitationem possimus deleniti ab et ab. Molestias et soluta ipsum vel vel doloribus. Dolores rerum inventore unde aliquid minima fugit molestiae.', 5, '2018-04-21 08:06:51', '2018-04-21 08:06:51'),
	(227, 33, 'Korbin Stokes', 'Aspernatur fuga id ut voluptate blanditiis sit. Minima quo eum porro consequatur quas sit sint sed. Occaecati eaque corporis quia sit. Quo maxime veniam quam voluptas est iusto sed.', 2, '2018-04-21 08:06:51', '2018-04-21 08:06:51'),
	(228, 8, 'Providenci Pfannerstill', 'Placeat veritatis ea sint praesentium ullam accusamus. Qui iste omnis exercitationem nihil. Eaque quas quisquam dignissimos tempora et.', 3, '2018-04-21 08:06:51', '2018-04-21 08:06:51'),
	(229, 9, 'Mrs. Kelli Casper', 'Corrupti quo excepturi ab id mollitia. Est perspiciatis iste commodi facilis enim et cupiditate accusamus. Enim dolorem sed voluptatum ducimus.', 1, '2018-04-21 08:06:51', '2018-04-21 08:06:51'),
	(230, 28, 'Ashly White', 'Vel quos est omnis corrupti eos fuga vel. Non facere voluptatem aut unde. Autem officiis laudantium voluptate minima quia omnis.', 4, '2018-04-21 08:06:51', '2018-04-21 08:06:51'),
	(231, 4, 'Albertha Schuster', 'Reiciendis blanditiis nemo incidunt laborum omnis. Et voluptatem consequatur libero facilis et ratione eaque officia. Dolorem repellendus et ea consectetur ex accusantium.', 0, '2018-04-21 08:06:51', '2018-04-21 08:06:51'),
	(232, 13, 'Mr. Kayleigh Hoeger', 'Atque non maxime odio maxime qui est. Possimus assumenda quia ut et quia. Aut enim voluptatem quisquam est magnam amet. Officia ullam incidunt et omnis.', 4, '2018-04-21 08:06:51', '2018-04-21 08:06:51'),
	(233, 19, 'Ms. Savannah Gerlach', 'Ut quo sequi sit eius fuga excepturi sed dicta. Cupiditate dolor tempora accusamus sunt. Non temporibus quod rerum animi aperiam aut.', 5, '2018-04-21 08:06:51', '2018-04-21 08:06:51'),
	(234, 6, 'Sophia Kuhn', 'Sed ut tempore sunt. Ut ipsum officia non est repellendus. Illo et hic nihil excepturi repellat quia. Aliquam nihil nihil ipsa ut aut modi omnis.', 1, '2018-04-21 08:06:51', '2018-04-21 08:06:51'),
	(235, 41, 'Ms. Laura Gleichner', 'Corporis aut deleniti a ut enim. Esse aut repellendus eligendi enim. Quia facilis qui sit est suscipit et voluptates.', 2, '2018-04-21 08:06:51', '2018-04-21 08:06:51'),
	(236, 2, 'Salma Stracke', 'Velit est velit aut nesciunt magni sed corporis. Sed consequatur officia est nobis possimus nostrum laudantium. Qui qui in voluptas in laudantium neque. Dicta impedit omnis perspiciatis odit dolorem natus cupiditate.', 0, '2018-04-21 08:06:51', '2018-04-21 08:06:51'),
	(237, 48, 'Richmond Parker III', 'Molestiae odio eveniet exercitationem incidunt voluptatem minus quod. Velit corrupti ea eius aut. Accusamus ipsa officiis quisquam.', 2, '2018-04-21 08:06:51', '2018-04-21 08:06:51'),
	(238, 7, 'Dr. Delores Sporer Sr.', 'Quisquam excepturi est eaque voluptatibus nam veniam. Non nisi aut saepe excepturi necessitatibus. Quas alias ea id assumenda voluptas facere. Quos laudantium aliquid beatae.', 5, '2018-04-21 08:06:51', '2018-04-21 08:06:51'),
	(239, 39, 'Justen Jerde III', 'Repudiandae reiciendis fugit dolorem at omnis omnis culpa. Quo et voluptate voluptas exercitationem vero cupiditate sapiente.', 2, '2018-04-21 08:06:51', '2018-04-21 08:06:51'),
	(240, 45, 'Corine Stehr', 'Eveniet consequatur laboriosam voluptatem sint voluptatibus. Quia ducimus saepe quia voluptatibus. Consequatur excepturi sapiente sed pariatur earum modi sit nihil. Libero corporis quibusdam voluptates quis dolores. Odio saepe quod non nihil voluptatem impedit iure non.', 1, '2018-04-21 08:06:51', '2018-04-21 08:06:51'),
	(241, 43, 'Darien Windler', 'Sit omnis cum harum quis. Vitae maiores sint quia quaerat. Atque culpa sit reiciendis cum.', 5, '2018-04-21 08:06:51', '2018-04-21 08:06:51'),
	(242, 33, 'Devon Smith', 'Et cumque aspernatur aut nemo. Autem officia facilis quis et enim id. Eos harum eos molestias autem recusandae. Voluptates perspiciatis nulla tenetur.', 0, '2018-04-21 08:06:51', '2018-04-21 08:06:51'),
	(243, 34, 'Kiara Heathcote', 'Illum soluta necessitatibus temporibus quisquam quisquam neque ut. Corporis numquam nostrum incidunt totam. Ipsa tenetur hic similique quia. Dolorem quidem nulla aut temporibus fuga.', 1, '2018-04-21 08:06:51', '2018-04-21 08:06:51'),
	(244, 45, 'Mr. Jordi Hirthe', 'Aliquid voluptatibus placeat culpa. Ut provident inventore tenetur officiis expedita.', 5, '2018-04-21 08:06:51', '2018-04-21 08:06:51'),
	(245, 1, 'Raven Kerluke', 'Qui omnis harum impedit eius provident neque. Eos quo ea dolores qui. Quia mollitia expedita optio corporis omnis blanditiis est. Temporibus deleniti autem et omnis.', 1, '2018-04-21 08:06:51', '2018-04-21 08:06:51'),
	(246, 6, 'Miss Abigail Tremblay', 'Nesciunt illo voluptatem pariatur et rerum et. Nemo nemo quia vel culpa et. Qui odit quos sit ut sint possimus voluptatem.', 0, '2018-04-21 08:06:51', '2018-04-21 08:06:51'),
	(247, 12, 'Mr. Walter Dickinson', 'Dolore dolor corporis quaerat quia. Est architecto maxime praesentium fuga eos cupiditate. Est voluptatibus tempora recusandae voluptatem. Nulla sapiente eius omnis sed.', 3, '2018-04-21 08:06:51', '2018-04-21 08:06:51'),
	(248, 29, 'Damon Cremin', 'Ut rerum ut molestiae vero quod voluptas molestiae. Officiis ea ad qui dignissimos eaque voluptas. Ut consectetur minus aspernatur iste et incidunt adipisci.', 1, '2018-04-21 08:06:51', '2018-04-21 08:06:51'),
	(249, 24, 'Mr. Austin Daniel Sr.', 'Eum necessitatibus omnis tenetur molestiae natus quia adipisci nihil. Et cupiditate ut esse molestiae.', 1, '2018-04-21 08:06:51', '2018-04-21 08:06:51'),
	(250, 13, 'Prof. Wallace Auer', 'Cupiditate rerum itaque hic magni ea consectetur excepturi et. Doloribus similique laboriosam aliquam voluptatem voluptas officiis. Perspiciatis minus et eveniet ipsa facere magnam non. Aut quasi amet at illum magni. Officia dolorum sed asperiores tempore ea minima odit.', 4, '2018-04-21 08:06:51', '2018-04-21 08:06:51'),
	(251, 16, 'Julian Haley I', 'Facilis dolorum blanditiis molestias error. Itaque quia laudantium id sunt illum. Veritatis dignissimos occaecati veritatis aut sit.', 1, '2018-04-21 08:06:51', '2018-04-21 08:06:51'),
	(252, 27, 'Godfrey Graham', 'Delectus aut voluptas sed maiores voluptatibus quia iusto. Deserunt quidem numquam tenetur et maiores accusantium. Nostrum numquam eos eos asperiores reiciendis. Qui distinctio totam alias natus officia sit enim est.', 0, '2018-04-21 08:06:51', '2018-04-21 08:06:51'),
	(253, 2, 'Hannah Deckow', 'Culpa laborum iure maiores debitis voluptatem. Corrupti voluptatum sed repellat assumenda aut sint veniam. Et saepe alias commodi consequatur minima doloribus.', 0, '2018-04-21 08:06:51', '2018-04-21 08:06:51'),
	(254, 44, 'Estefania Anderson', 'Minus sit qui architecto architecto autem accusantium. Placeat enim suscipit in doloremque. Necessitatibus eveniet fuga mollitia ab assumenda quos iusto.', 3, '2018-04-21 08:06:51', '2018-04-21 08:06:51'),
	(255, 2, 'Mrs. Allison Kling V', 'Numquam corporis est voluptatum explicabo sed dolorem. In quam qui et.', 2, '2018-04-21 08:06:51', '2018-04-21 08:06:51'),
	(256, 45, 'Cordelia Mante', 'Quaerat occaecati velit minima suscipit asperiores reprehenderit. Tempora veniam voluptatem rem numquam aut. Consectetur quam quasi distinctio dolorum.', 1, '2018-04-21 08:06:51', '2018-04-21 08:06:51'),
	(257, 35, 'Shaun Osinski', 'Dolorem omnis et rerum et et deleniti expedita. Ex optio voluptates qui aut. Dolorem possimus eos nihil earum reprehenderit consequatur totam. Ut ea soluta ipsa odit qui provident expedita sed.', 5, '2018-04-21 08:06:51', '2018-04-21 08:06:51'),
	(258, 2, 'Madie Gutmann', 'Voluptatem quis nobis cum eaque corrupti consequatur et. Iste quidem sint ipsam nisi repellendus vero quos. Doloremque eos suscipit autem voluptatum vel quod quia.', 2, '2018-04-21 08:06:51', '2018-04-21 08:06:51'),
	(259, 9, 'Mason Hilpert', 'Eum temporibus ut reiciendis illo rerum dolorem. Enim sed est labore id. Repellat nisi vel voluptatem nemo voluptates dolorem. Fuga et maiores voluptatem exercitationem ea culpa consequatur.', 2, '2018-04-21 08:06:51', '2018-04-21 08:06:51'),
	(260, 2, 'Mr. Cory Leuschke MD', 'Quos vero quia velit ad aut. Ad qui asperiores dolorem ad eveniet quis aliquid. Fugit sint autem tenetur sunt rerum dolore odit nisi. Iste molestias in aliquid et qui sint voluptas.', 4, '2018-04-21 08:06:51', '2018-04-21 08:06:51'),
	(261, 41, 'Elyssa Gleason', 'Sint omnis culpa sunt nemo illo. Vel modi occaecati qui est ipsam omnis. Commodi et iure voluptate iusto perspiciatis. Vel itaque sunt voluptatem neque.', 4, '2018-04-21 08:06:51', '2018-04-21 08:06:51'),
	(262, 3, 'Nova Kozey', 'Illum aliquid tempora et tenetur ad debitis sed animi. Aliquid aliquam officia esse mollitia sint. Doloribus sed incidunt excepturi id aut.', 3, '2018-04-21 08:06:51', '2018-04-21 08:06:51'),
	(263, 39, 'Precious Graham', 'Quis sequi sunt id tempore maxime delectus. Soluta labore ab quam eligendi quam qui. Autem tempora perferendis aut delectus illum repellendus et ex. Animi tempora voluptatem impedit earum omnis ut velit. Architecto unde odit sint dolore sequi.', 1, '2018-04-21 08:06:51', '2018-04-21 08:06:51'),
	(264, 9, 'Yadira Nienow', 'Repellendus voluptatem mollitia nihil. Sint debitis expedita quis in atque et quae. Voluptate reprehenderit unde aliquid nulla aut ratione eligendi. Omnis quo molestias eius cum ratione itaque illo. Molestiae qui fuga enim id ipsam soluta.', 0, '2018-04-21 08:06:51', '2018-04-21 08:06:51'),
	(265, 32, 'Furman Rutherford', 'Quis deserunt assumenda et illo. Voluptas aut sed dolorem. Consequuntur aut quo consequuntur molestiae aut quae quaerat.', 1, '2018-04-21 08:06:51', '2018-04-21 08:06:51'),
	(266, 18, 'Dr. Larissa Ullrich III', 'Qui magni iusto et beatae. Consequatur id qui illo. Sed enim qui sed doloremque laboriosam in aut.', 4, '2018-04-21 08:06:51', '2018-04-21 08:06:51'),
	(267, 23, 'Hassie Pollich', 'Mollitia sunt harum eum molestiae. Repudiandae quo blanditiis omnis esse autem rerum magni. Officia ipsa unde magnam debitis. Ea nulla aut voluptas architecto consequatur nisi.', 4, '2018-04-21 08:06:51', '2018-04-21 08:06:51'),
	(268, 12, 'Edyth Gleason', 'Fugit tempore enim rerum sit doloremque minima. Totam vel officiis sunt reiciendis sunt quis sunt. Aspernatur fugit accusantium debitis quidem ducimus.', 0, '2018-04-21 08:06:51', '2018-04-21 08:06:51'),
	(269, 25, 'Bryana Carter', 'Officiis dolore laborum porro incidunt. Atque enim sapiente voluptatem error. Ut molestias voluptatum molestias quis sunt voluptatum.', 1, '2018-04-21 08:06:51', '2018-04-21 08:06:51'),
	(270, 12, 'Estelle Padberg', 'Rerum non sapiente sunt veniam sed. Earum aperiam cupiditate accusantium ipsa dolores. Omnis eos aliquid sapiente voluptas maxime ex. Ut non voluptatem aut.', 1, '2018-04-21 08:06:51', '2018-04-21 08:06:51'),
	(271, 36, 'Esmeralda Heaney', 'Voluptatum maxime impedit aut labore rerum repellendus quae. Est totam ratione perspiciatis velit a esse nobis necessitatibus. Veniam sequi ratione porro atque nulla voluptates.', 5, '2018-04-21 08:06:51', '2018-04-21 08:06:51'),
	(272, 28, 'Lora Fritsch', 'Aliquam sed itaque sit molestias architecto fugiat. Dicta quia corrupti deserunt sed minus. Et rem aliquid dicta aut.', 5, '2018-04-21 08:06:51', '2018-04-21 08:06:51'),
	(273, 34, 'Abigayle Schroeder', 'Alias non reprehenderit voluptatem autem debitis minima quaerat adipisci. Nihil in cum modi similique deleniti. Ea temporibus est iusto veritatis unde soluta quidem.', 1, '2018-04-21 08:06:51', '2018-04-21 08:06:51'),
	(274, 34, 'Prof. Alberta Ward III', 'Ratione perspiciatis voluptas qui nihil. Quos sed et qui impedit illo et quia. Ea facilis molestiae laudantium illum.', 5, '2018-04-21 08:06:51', '2018-04-21 08:06:51'),
	(275, 22, 'Keanu Watsica', 'Et incidunt illo blanditiis corporis earum at. Placeat delectus placeat ipsum id numquam ut. Iusto beatae suscipit libero sunt amet ducimus.', 0, '2018-04-21 08:06:51', '2018-04-21 08:06:51'),
	(276, 5, 'Ethelyn Haag', 'Aspernatur rem enim accusantium et velit. Rerum culpa enim velit et unde animi reprehenderit. Eos est mollitia perspiciatis veritatis saepe hic enim mollitia. Iure vitae qui repellendus ad dignissimos dolor officia.', 1, '2018-04-21 08:06:51', '2018-04-21 08:06:51'),
	(277, 36, 'Melba Corkery I', 'Autem consectetur quis laborum omnis est eum at. Qui commodi nostrum dolorem corporis quia illo est. Omnis beatae laudantium officiis dignissimos voluptas.', 0, '2018-04-21 08:06:51', '2018-04-21 08:06:51'),
	(278, 4, 'Mr. Brennan Little', 'Voluptatum eum harum adipisci molestiae. Alias nam ut in iusto dolore qui assumenda ea. Architecto odio cumque et sit.', 4, '2018-04-21 08:06:51', '2018-04-21 08:06:51'),
	(279, 1, 'Doris Gutkowski', 'Qui velit eaque aut magni. Error ratione ipsa atque omnis ut autem natus. Autem sed dolorem alias totam hic autem numquam.', 4, '2018-04-21 08:06:51', '2018-04-21 08:06:51'),
	(280, 15, 'Destany Sanford', 'Eum in harum et. Dolor minima nobis est modi illo voluptatem natus. Est iure et rerum fugiat accusamus consequatur sed. Rerum eius velit modi quis id tempore.', 0, '2018-04-21 08:06:51', '2018-04-21 08:06:51'),
	(281, 30, 'Ludwig Stoltenberg II', 'Rem incidunt dolor recusandae officiis quidem. Sint quaerat repudiandae et quidem inventore accusamus rerum. Hic et deleniti saepe sed unde labore nulla. Aspernatur pariatur quo qui et voluptatum nulla dolore.', 4, '2018-04-21 08:06:51', '2018-04-21 08:06:51'),
	(282, 4, 'Agustin Gutkowski', 'Dignissimos dicta officia et fugiat minima fugit. Consectetur facilis neque magnam earum harum. Hic suscipit sunt velit atque.', 1, '2018-04-21 08:06:51', '2018-04-21 08:06:51'),
	(283, 8, 'Mrs. Kamille Lueilwitz', 'Dicta quia et architecto nam qui sed nam dolores. Consequatur sint deserunt sed illum autem aut sequi aut. Veritatis in omnis hic incidunt.', 1, '2018-04-21 08:06:51', '2018-04-21 08:06:51'),
	(284, 44, 'Rosalind Metz V', 'Ducimus sit debitis et aspernatur unde in. Perferendis eius non libero alias velit velit. Quis laborum labore et nisi. Distinctio voluptatem tempora vero vero tempore ut deleniti.', 3, '2018-04-21 08:06:51', '2018-04-21 08:06:51'),
	(285, 4, 'Ms. Marlen Rice MD', 'Sit qui sint aliquid sit amet possimus non. Aut voluptatem temporibus eveniet.', 2, '2018-04-21 08:06:51', '2018-04-21 08:06:51'),
	(286, 18, 'Rashawn Abernathy', 'Iure ut quisquam inventore sed. Dolores dolores ea qui sequi beatae. Non voluptas doloribus et perspiciatis qui voluptatem vitae saepe.', 1, '2018-04-21 08:06:51', '2018-04-21 08:06:51'),
	(287, 48, 'Dr. Kaylah D\'Amore', 'Voluptates id dolorem deserunt sed consectetur nihil quod. Eveniet eos vel ea nemo esse officia modi. Non odio qui omnis dignissimos excepturi eum occaecati. Doloribus optio magni non illum minus ut dolor.', 5, '2018-04-21 08:06:51', '2018-04-21 08:06:51'),
	(288, 19, 'Donavon Yost', 'Porro incidunt rerum facere sit laboriosam officiis. Libero eligendi temporibus tempore quibusdam consequuntur. Et fugit sint quibusdam rerum unde.', 0, '2018-04-21 08:06:51', '2018-04-21 08:06:51'),
	(289, 41, 'Ms. Kiarra Nader Sr.', 'Quia placeat ea ipsa. Natus nihil eum nemo exercitationem enim porro. Ut cum ut nemo incidunt. Ab commodi ea in in iste laborum.', 1, '2018-04-21 08:06:51', '2018-04-21 08:06:51'),
	(290, 3, 'Hailie Hirthe', 'Non consequatur quisquam laudantium rem. Iste aut magnam quam quis qui repudiandae. Et minus temporibus nam natus sunt laborum omnis.', 5, '2018-04-21 08:06:51', '2018-04-21 08:06:51'),
	(291, 37, 'Hailee Roob Jr.', 'Quaerat eius consequatur perferendis earum a. Recusandae quo repellat soluta non ut voluptatibus. Qui eos optio delectus sapiente nemo similique. Consequuntur odio dolor rem magnam inventore eum.', 5, '2018-04-21 08:06:51', '2018-04-21 08:06:51'),
	(292, 8, 'Dr. Melvin Ebert', 'Facilis rerum culpa non. Inventore sequi ea accusamus perspiciatis. Nihil repellendus ut sint aut.', 3, '2018-04-21 08:06:51', '2018-04-21 08:06:51'),
	(293, 37, 'Jeffrey Simonis', 'Ut vel quod esse omnis distinctio enim. Ut nulla amet sint totam laborum officia iusto. Incidunt architecto rerum cum voluptatem.', 0, '2018-04-21 08:06:51', '2018-04-21 08:06:51'),
	(294, 45, 'Dillan Nienow', 'Amet qui quia ad non qui. Commodi veniam vero magnam ut repellat facere. Perspiciatis et voluptas perspiciatis rerum quo mollitia.', 5, '2018-04-21 08:06:51', '2018-04-21 08:06:51'),
	(295, 26, 'Eudora Davis', 'Blanditiis consequuntur quidem quis consequuntur eum impedit. Autem iure officia nesciunt ab autem quis modi voluptatum. Qui sit magni esse ut.', 0, '2018-04-21 08:06:51', '2018-04-21 08:06:51'),
	(296, 24, 'Lexi VonRueden', 'Corporis aperiam numquam et tempora. Deleniti voluptatem a autem consequatur. Laborum qui qui veritatis quo laboriosam placeat. Esse reiciendis consequuntur minima voluptatem.', 2, '2018-04-21 08:06:51', '2018-04-21 08:06:51'),
	(297, 32, 'Jazmyn Quitzon', 'Aliquam cupiditate harum error explicabo magni. Incidunt voluptate quos recusandae asperiores nam illum et. Culpa maiores eos qui.', 5, '2018-04-21 08:06:51', '2018-04-21 08:06:51'),
	(298, 14, 'Juliet Heller IV', 'Laudantium eos ullam eaque animi beatae quis. Aspernatur alias expedita et magni pariatur. Iste placeat quas illo qui hic qui. Est qui qui autem recusandae consectetur.', 4, '2018-04-21 08:06:51', '2018-04-21 08:06:51'),
	(299, 44, 'Makayla Jacobi PhD', 'Laboriosam nihil sapiente iure esse sed quaerat dolores. Et quod nostrum nemo veritatis veniam corrupti eius quo. Tempora laudantium delectus ut ea est corrupti. Sunt recusandae molestiae tenetur quia illum.', 2, '2018-04-21 08:06:51', '2018-04-21 08:06:51'),
	(300, 3, 'Harmon Murazik', 'Ea tempore id minima. Veritatis qui sunt velit autem. Dignissimos ratione qui laudantium nemo. Dolore sed rerum id autem est nulla.', 5, '2018-04-21 08:06:51', '2018-04-21 08:06:51');
/*!40000 ALTER TABLE `reviews` ENABLE KEYS */;

-- Dumping structure for table LaravelECommerceRestfulAPI_db.users
DROP TABLE IF EXISTS `users`;
CREATE TABLE IF NOT EXISTS `users` (
  `id` int(10) unsigned NOT NULL AUTO_INCREMENT,
  `name` varchar(191) COLLATE utf8mb4_unicode_ci NOT NULL,
  `email` varchar(191) COLLATE utf8mb4_unicode_ci NOT NULL,
  `password` varchar(191) COLLATE utf8mb4_unicode_ci NOT NULL,
  `remember_token` varchar(100) COLLATE utf8mb4_unicode_ci DEFAULT NULL,
  `created_at` timestamp NULL DEFAULT NULL,
  `updated_at` timestamp NULL DEFAULT NULL,
  PRIMARY KEY (`id`),
  UNIQUE KEY `users_email_unique` (`email`)
) ENGINE=InnoDB AUTO_INCREMENT=2 DEFAULT CHARSET=utf8mb4 COLLATE=utf8mb4_unicode_ci;

-- Dumping data for table LaravelECommerceRestfulAPI_db.users: ~1 rows (approximately)
/*!40000 ALTER TABLE `users` DISABLE KEYS */;
INSERT INTO `users` (`id`, `name`, `email`, `password`, `remember_token`, `created_at`, `updated_at`) VALUES
	(1, 'pisey', 'Pisey@marinax.biz', '$2y$10$o3SbaZ9kfWo4OuusLR2KZeUrpaVP5I2U0vB14b7o/anYImwxMLIKa', NULL, '2018-04-22 02:11:55', '2018-04-22 02:11:55');
/*!40000 ALTER TABLE `users` ENABLE KEYS */;

/*!40101 SET SQL_MODE=IFNULL(@OLD_SQL_MODE, '') */;
/*!40014 SET FOREIGN_KEY_CHECKS=IF(@OLD_FOREIGN_KEY_CHECKS IS NULL, 1, @OLD_FOREIGN_KEY_CHECKS) */;
/*!40101 SET CHARACTER_SET_CLIENT=@OLD_CHARACTER_SET_CLIENT */;
