-- --------------------------------------------------------
-- Host:                         127.0.0.1
-- Server version:               10.1.31-MariaDB - mariadb.org binary distribution
-- Server OS:                    Win32
-- HeidiSQL Version:             9.4.0.5125
-- --------------------------------------------------------

/*!40101 SET @OLD_CHARACTER_SET_CLIENT=@@CHARACTER_SET_CLIENT */;
/*!40101 SET NAMES utf8 */;
/*!50503 SET NAMES utf8mb4 */;
/*!40014 SET @OLD_FOREIGN_KEY_CHECKS=@@FOREIGN_KEY_CHECKS, FOREIGN_KEY_CHECKS=0 */;
/*!40101 SET @OLD_SQL_MODE=@@SQL_MODE, SQL_MODE='NO_AUTO_VALUE_ON_ZERO' */;


-- Dumping database structure for LaravelECommerceRestfulAPI_db
CREATE DATABASE IF NOT EXISTS `laravelecommercerestfulapi_db` /*!40100 DEFAULT CHARACTER SET utf8 */;
USE `LaravelECommerceRestfulAPI_db`;

-- Dumping structure for table LaravelECommerceRestfulAPI_db.migrations
CREATE TABLE IF NOT EXISTS `migrations` (
  `id` int(10) unsigned NOT NULL AUTO_INCREMENT,
  `migration` varchar(191) COLLATE utf8mb4_unicode_ci NOT NULL,
  `batch` int(11) NOT NULL,
  PRIMARY KEY (`id`)
) ENGINE=InnoDB AUTO_INCREMENT=53 DEFAULT CHARSET=utf8mb4 COLLATE=utf8mb4_unicode_ci;

-- Dumping data for table LaravelECommerceRestfulAPI_db.migrations: ~9 rows (approximately)
/*!40000 ALTER TABLE `migrations` DISABLE KEYS */;
INSERT INTO `migrations` (`id`, `migration`, `batch`) VALUES
	(44, '2014_10_12_000000_create_users_table', 1),
	(45, '2014_10_12_100000_create_password_resets_table', 1),
	(46, '2016_06_01_000001_create_oauth_auth_codes_table', 1),
	(47, '2016_06_01_000002_create_oauth_access_tokens_table', 1),
	(48, '2016_06_01_000003_create_oauth_refresh_tokens_table', 1),
	(49, '2016_06_01_000004_create_oauth_clients_table', 1),
	(50, '2016_06_01_000005_create_oauth_personal_access_clients_table', 1),
	(51, '2018_04_19_094843_create_products_table', 1),
	(52, '2018_04_19_094853_create_reviews_table', 1);
/*!40000 ALTER TABLE `migrations` ENABLE KEYS */;

-- Dumping structure for table LaravelECommerceRestfulAPI_db.oauth_access_tokens
CREATE TABLE IF NOT EXISTS `oauth_access_tokens` (
  `id` varchar(100) COLLATE utf8mb4_unicode_ci NOT NULL,
  `user_id` int(11) DEFAULT NULL,
  `client_id` int(11) NOT NULL,
  `name` varchar(191) COLLATE utf8mb4_unicode_ci DEFAULT NULL,
  `scopes` text COLLATE utf8mb4_unicode_ci,
  `revoked` tinyint(1) NOT NULL,
  `created_at` timestamp NULL DEFAULT NULL,
  `updated_at` timestamp NULL DEFAULT NULL,
  `expires_at` datetime DEFAULT NULL,
  PRIMARY KEY (`id`),
  KEY `oauth_access_tokens_user_id_index` (`user_id`)
) ENGINE=InnoDB DEFAULT CHARSET=utf8mb4 COLLATE=utf8mb4_unicode_ci;

-- Dumping data for table LaravelECommerceRestfulAPI_db.oauth_access_tokens: ~1 rows (approximately)
/*!40000 ALTER TABLE `oauth_access_tokens` DISABLE KEYS */;
INSERT INTO `oauth_access_tokens` (`id`, `user_id`, `client_id`, `name`, `scopes`, `revoked`, `created_at`, `updated_at`, `expires_at`) VALUES
	('5bbc1feb04b54482765a96fc2275a9fc7ce8260cbbf6b08cfcfe81ebdd7a6543a616bb2c3f209e55', 1, 2, NULL, '[]', 0, '2018-04-22 06:59:14', '2018-04-22 06:59:14', '2019-04-22 06:59:14');
/*!40000 ALTER TABLE `oauth_access_tokens` ENABLE KEYS */;

-- Dumping structure for table LaravelECommerceRestfulAPI_db.oauth_auth_codes
CREATE TABLE IF NOT EXISTS `oauth_auth_codes` (
  `id` varchar(100) COLLATE utf8mb4_unicode_ci NOT NULL,
  `user_id` int(11) NOT NULL,
  `client_id` int(11) NOT NULL,
  `scopes` text COLLATE utf8mb4_unicode_ci,
  `revoked` tinyint(1) NOT NULL,
  `expires_at` datetime DEFAULT NULL,
  PRIMARY KEY (`id`)
) ENGINE=InnoDB DEFAULT CHARSET=utf8mb4 COLLATE=utf8mb4_unicode_ci;

-- Dumping data for table LaravelECommerceRestfulAPI_db.oauth_auth_codes: ~0 rows (approximately)
/*!40000 ALTER TABLE `oauth_auth_codes` DISABLE KEYS */;
/*!40000 ALTER TABLE `oauth_auth_codes` ENABLE KEYS */;

-- Dumping structure for table LaravelECommerceRestfulAPI_db.oauth_clients
CREATE TABLE IF NOT EXISTS `oauth_clients` (
  `id` int(10) unsigned NOT NULL AUTO_INCREMENT,
  `user_id` int(11) DEFAULT NULL,
  `name` varchar(191) COLLATE utf8mb4_unicode_ci NOT NULL,
  `secret` varchar(100) COLLATE utf8mb4_unicode_ci NOT NULL,
  `redirect` text COLLATE utf8mb4_unicode_ci NOT NULL,
  `personal_access_client` tinyint(1) NOT NULL,
  `password_client` tinyint(1) NOT NULL,
  `revoked` tinyint(1) NOT NULL,
  `created_at` timestamp NULL DEFAULT NULL,
  `updated_at` timestamp NULL DEFAULT NULL,
  PRIMARY KEY (`id`),
  KEY `oauth_clients_user_id_index` (`user_id`)
) ENGINE=InnoDB AUTO_INCREMENT=3 DEFAULT CHARSET=utf8mb4 COLLATE=utf8mb4_unicode_ci;

-- Dumping data for table LaravelECommerceRestfulAPI_db.oauth_clients: ~2 rows (approximately)
/*!40000 ALTER TABLE `oauth_clients` DISABLE KEYS */;
INSERT INTO `oauth_clients` (`id`, `user_id`, `name`, `secret`, `redirect`, `personal_access_client`, `password_client`, `revoked`, `created_at`, `updated_at`) VALUES
	(1, NULL, 'Laravel Personal Access Client', 'ptxAPC0rb1bda52lgD53wYerfElVwZDpmKJnXSJo', 'http://localhost', 1, 0, 0, '2018-04-22 06:57:43', '2018-04-22 06:57:43'),
	(2, NULL, 'Laravel Password Grant Client', 'hmT0kizvtTpi6YOZlD1hZBrawtdO0GVuld51Tihk', 'http://localhost', 0, 1, 0, '2018-04-22 06:57:43', '2018-04-22 06:57:43');
/*!40000 ALTER TABLE `oauth_clients` ENABLE KEYS */;

-- Dumping structure for table LaravelECommerceRestfulAPI_db.oauth_personal_access_clients
CREATE TABLE IF NOT EXISTS `oauth_personal_access_clients` (
  `id` int(10) unsigned NOT NULL AUTO_INCREMENT,
  `client_id` int(11) NOT NULL,
  `created_at` timestamp NULL DEFAULT NULL,
  `updated_at` timestamp NULL DEFAULT NULL,
  PRIMARY KEY (`id`),
  KEY `oauth_personal_access_clients_client_id_index` (`client_id`)
) ENGINE=InnoDB AUTO_INCREMENT=2 DEFAULT CHARSET=utf8mb4 COLLATE=utf8mb4_unicode_ci;

-- Dumping data for table LaravelECommerceRestfulAPI_db.oauth_personal_access_clients: ~1 rows (approximately)
/*!40000 ALTER TABLE `oauth_personal_access_clients` DISABLE KEYS */;
INSERT INTO `oauth_personal_access_clients` (`id`, `client_id`, `created_at`, `updated_at`) VALUES
	(1, 1, '2018-04-22 06:57:43', '2018-04-22 06:57:43');
/*!40000 ALTER TABLE `oauth_personal_access_clients` ENABLE KEYS */;

-- Dumping structure for table LaravelECommerceRestfulAPI_db.oauth_refresh_tokens
CREATE TABLE IF NOT EXISTS `oauth_refresh_tokens` (
  `id` varchar(100) COLLATE utf8mb4_unicode_ci NOT NULL,
  `access_token_id` varchar(100) COLLATE utf8mb4_unicode_ci NOT NULL,
  `revoked` tinyint(1) NOT NULL,
  `expires_at` datetime DEFAULT NULL,
  PRIMARY KEY (`id`),
  KEY `oauth_refresh_tokens_access_token_id_index` (`access_token_id`)
) ENGINE=InnoDB DEFAULT CHARSET=utf8mb4 COLLATE=utf8mb4_unicode_ci;

-- Dumping data for table LaravelECommerceRestfulAPI_db.oauth_refresh_tokens: ~1 rows (approximately)
/*!40000 ALTER TABLE `oauth_refresh_tokens` DISABLE KEYS */;
INSERT INTO `oauth_refresh_tokens` (`id`, `access_token_id`, `revoked`, `expires_at`) VALUES
	('76ad3ef2533d0acf42a3ead4fdf3145e18a378160b362092582199bcf68c84023ae857c21f2e2b70', '5bbc1feb04b54482765a96fc2275a9fc7ce8260cbbf6b08cfcfe81ebdd7a6543a616bb2c3f209e55', 0, '2019-04-22 06:59:14');
/*!40000 ALTER TABLE `oauth_refresh_tokens` ENABLE KEYS */;

-- Dumping structure for table LaravelECommerceRestfulAPI_db.password_resets
CREATE TABLE IF NOT EXISTS `password_resets` (
  `email` varchar(191) COLLATE utf8mb4_unicode_ci NOT NULL,
  `token` varchar(191) COLLATE utf8mb4_unicode_ci NOT NULL,
  `created_at` timestamp NULL DEFAULT NULL,
  KEY `password_resets_email_index` (`email`)
) ENGINE=InnoDB DEFAULT CHARSET=utf8mb4 COLLATE=utf8mb4_unicode_ci;

-- Dumping data for table LaravelECommerceRestfulAPI_db.password_resets: ~0 rows (approximately)
/*!40000 ALTER TABLE `password_resets` DISABLE KEYS */;
/*!40000 ALTER TABLE `password_resets` ENABLE KEYS */;

-- Dumping structure for table LaravelECommerceRestfulAPI_db.products
CREATE TABLE IF NOT EXISTS `products` (
  `id` int(10) unsigned NOT NULL AUTO_INCREMENT,
  `name` varchar(191) COLLATE utf8mb4_unicode_ci NOT NULL,
  `detail` text COLLATE utf8mb4_unicode_ci NOT NULL,
  `price` int(11) NOT NULL,
  `stock` int(11) NOT NULL,
  `discount` int(11) NOT NULL,
  `user_regis_id` int(10) unsigned NOT NULL,
  `user_upd_id` int(10) unsigned NOT NULL,
  `user_upd_date` date DEFAULT NULL,
  `created_at` timestamp NULL DEFAULT NULL,
  `updated_at` timestamp NULL DEFAULT NULL,
  PRIMARY KEY (`id`),
  KEY `products_user_regis_id_index` (`user_regis_id`),
  KEY `products_user_upd_id_index` (`user_upd_id`)
) ENGINE=InnoDB AUTO_INCREMENT=51 DEFAULT CHARSET=utf8mb4 COLLATE=utf8mb4_unicode_ci;

-- Dumping data for table LaravelECommerceRestfulAPI_db.products: ~49 rows (approximately)
/*!40000 ALTER TABLE `products` DISABLE KEYS */;
INSERT INTO `products` (`id`, `name`, `detail`, `price`, `stock`, `discount`, `user_regis_id`, `user_upd_id`, `user_upd_date`, `created_at`, `updated_at`) VALUES
	(1, 'sunt', 'Debitis ut consectetur sequi corrupti commodi. Autem et in accusamus aliquam iure quis aut. Iste a accusamus hic accusantium exercitationem.', 108, 7, 8, 3, 5, NULL, '2018-04-22 06:46:53', '2018-04-22 06:46:53'),
	(2, 'sed', 'Praesentium iusto illo est fugit architecto aliquid aut. Consectetur quia sit eum quasi velit consequatur eos. Aperiam harum exercitationem non consectetur provident necessitatibus.', 997, 7, 26, 4, 5, NULL, '2018-04-22 06:46:53', '2018-04-22 06:46:53'),
	(3, 'et', 'Amet a enim cupiditate doloribus. Explicabo eos eos accusantium vel quos commodi. Iste vitae odio explicabo molestias sunt rem quam. Sunt in neque aut sit illum excepturi nihil aut.', 381, 0, 20, 5, 3, NULL, '2018-04-22 06:46:53', '2018-04-22 06:46:53'),
	(5, 'sit', 'In rerum et laudantium ducimus autem eum. Eum animi quisquam libero ut. Explicabo ipsa laboriosam soluta sed molestias magni facere aperiam. Provident vero deleniti quia harum voluptas. Illo consequuntur eius in aut sint et.', 916, 7, 3, 2, 3, NULL, '2018-04-22 06:46:53', '2018-04-22 06:46:53'),
	(6, 'qui', 'Et quisquam eum occaecati rerum. Praesentium quae harum est et. Necessitatibus eaque eos et dolor aut ab.', 408, 8, 13, 3, 3, NULL, '2018-04-22 06:46:53', '2018-04-22 06:46:53'),
	(7, 'voluptatem', 'Voluptas temporibus praesentium temporibus qui quos. Harum numquam molestiae recusandae ipsa. Ea cum quibusdam nihil quia occaecati qui quis.', 752, 8, 29, 5, 3, NULL, '2018-04-22 06:46:53', '2018-04-22 06:46:53'),
	(8, 'quibusdam', 'Voluptatibus dolorem ut officiis ut. Ut animi consequuntur eaque non minus recusandae et. Harum consequuntur labore maiores rem nobis.', 116, 2, 15, 3, 5, NULL, '2018-04-22 06:46:53', '2018-04-22 06:46:53'),
	(9, 'deserunt', 'Voluptatem a qui quibusdam eum qui harum. Neque quia officiis quia possimus debitis voluptatum. Aliquid voluptas inventore sint. Deleniti adipisci non iure.', 929, 4, 2, 4, 4, NULL, '2018-04-22 06:46:53', '2018-04-22 06:46:53'),
	(10, 'sed', 'IPHONE too expansive nananana', 722, 1, 8, 1, 1, NULL, '2018-04-22 06:46:53', '2018-04-22 07:16:20'),
	(11, 'ut', 'Voluptas nam sint dolor. Commodi quas nemo aliquam porro neque. Sunt voluptatem aut perferendis et aut et ut.', 869, 0, 27, 3, 2, NULL, '2018-04-22 06:46:53', '2018-04-22 06:46:53'),
	(12, 'nemo', 'Beatae laboriosam libero quasi quisquam pariatur est enim. Aut minima totam enim voluptatem dicta culpa.', 950, 7, 15, 3, 3, NULL, '2018-04-22 06:46:53', '2018-04-22 06:46:53'),
	(13, 'fugit', 'Quia sed autem nihil. Iusto sit itaque voluptatum magnam maiores dolorem. Aut magni consequatur odit asperiores voluptatem ullam.', 771, 8, 7, 1, 3, NULL, '2018-04-22 06:46:53', '2018-04-22 06:46:53'),
	(14, 'provident', 'Voluptate est incidunt voluptas rerum eveniet aperiam. Dolor modi aliquid deserunt. Rem quo sit explicabo eveniet rerum dolore ex. Asperiores deserunt ut omnis minima. Molestias vero autem cumque nisi suscipit hic qui.', 733, 6, 28, 3, 4, NULL, '2018-04-22 06:46:53', '2018-04-22 06:46:53'),
	(15, 'modi', 'Sequi ut veritatis dignissimos ea. Magnam consequuntur sint et est ut. Voluptas maxime qui dolor molestias fugit non ipsam ut. Sit possimus sequi pariatur nam repudiandae sed.', 414, 7, 4, 4, 3, NULL, '2018-04-22 06:46:53', '2018-04-22 06:46:53'),
	(16, 'assumenda', 'Qui culpa omnis iure odio maiores reiciendis et. Sed nesciunt odit error qui nemo id excepturi. Est deserunt perferendis et. Sint corporis atque provident dolor mollitia aut ut.', 372, 0, 30, 1, 2, NULL, '2018-04-22 06:46:53', '2018-04-22 06:46:53'),
	(17, 'voluptatibus', 'Dolores illum quis sit rerum delectus aut delectus. Iure dolores molestiae et aliquid. Dolorem dolor nihil fugit reiciendis modi repellendus. Unde rerum cupiditate dolores.', 101, 2, 26, 2, 1, NULL, '2018-04-22 06:46:53', '2018-04-22 06:46:53'),
	(18, 'architecto', 'Ipsa ut fuga possimus enim sed incidunt perspiciatis ducimus. Quia labore officia exercitationem aliquam. Tempora iusto non a veritatis quam quasi id. Nulla unde optio vitae iusto harum impedit aut. Quidem est reiciendis qui illum et et.', 393, 5, 5, 5, 4, NULL, '2018-04-22 06:46:53', '2018-04-22 06:46:53'),
	(19, 'recusandae', 'Veritatis quae nulla a aspernatur mollitia. Culpa vitae quas blanditiis eaque omnis saepe a. Est fugiat dignissimos et inventore. Molestiae velit officia qui. Ab et vel eius nihil sed.', 987, 1, 12, 3, 4, NULL, '2018-04-22 06:46:53', '2018-04-22 06:46:53'),
	(20, 'qui', 'Perspiciatis et aliquid dignissimos quibusdam et accusantium qui et. Et tempora expedita sint perferendis. Molestiae fuga ut voluptatem.', 186, 7, 24, 4, 4, NULL, '2018-04-22 06:46:53', '2018-04-22 06:46:53'),
	(21, 'magni', 'Minima ut maxime minima. Dignissimos aut dolore ullam est commodi doloribus. Facilis id sint nulla quis aut et. Quaerat voluptates odit quis soluta ea at et.', 202, 2, 13, 3, 3, NULL, '2018-04-22 06:46:53', '2018-04-22 06:46:53'),
	(22, 'nobis', 'Autem voluptatibus rerum cum explicabo quidem voluptas. Reprehenderit qui quaerat architecto excepturi accusamus excepturi dolorum. Voluptas porro nihil magnam et culpa. Et exercitationem dolores dolorem voluptatem.', 828, 2, 24, 5, 5, NULL, '2018-04-22 06:46:53', '2018-04-22 06:46:53'),
	(23, 'amet', 'Voluptatem est omnis vel et sit. Qui minus neque provident et magnam sed quia.', 524, 8, 14, 2, 2, NULL, '2018-04-22 06:46:53', '2018-04-22 06:46:53'),
	(24, 'consectetur', 'Suscipit voluptates maxime neque illum sunt et. Blanditiis officia quos quaerat esse. Excepturi et rerum laboriosam voluptas. Numquam quis accusantium perspiciatis est.', 769, 6, 5, 5, 4, NULL, '2018-04-22 06:46:53', '2018-04-22 06:46:53'),
	(25, 'quia', 'Quos et quas eveniet totam deleniti. Aliquam suscipit et ducimus ratione impedit perspiciatis. Est labore sit beatae repellat quas occaecati sit.', 734, 4, 6, 4, 1, NULL, '2018-04-22 06:46:53', '2018-04-22 06:46:53'),
	(26, 'quo', 'Sed eveniet autem beatae quis quis molestias incidunt. Quisquam consequatur voluptatem molestiae. Nisi ut est et blanditiis odio deserunt.', 181, 4, 19, 4, 4, NULL, '2018-04-22 06:46:53', '2018-04-22 06:46:53'),
	(27, 'quis', 'Quaerat excepturi at quos optio magni. Aut aut repudiandae aut esse. Voluptatem architecto ex ut.', 207, 9, 9, 5, 5, NULL, '2018-04-22 06:46:53', '2018-04-22 06:46:53'),
	(28, 'fugit', 'Deleniti fugiat ut voluptatem et nesciunt nostrum asperiores. A necessitatibus id dolor molestiae. Eligendi non quis accusamus in dignissimos repellat.', 159, 9, 12, 1, 1, NULL, '2018-04-22 06:46:53', '2018-04-22 06:46:53'),
	(29, 'occaecati', 'Qui sunt alias vero voluptatem. Beatae sit est qui ea aut. Natus fugiat ab qui voluptatem odit eum nam. Exercitationem dolorem aspernatur nostrum quia illum.', 633, 4, 5, 3, 4, NULL, '2018-04-22 06:46:53', '2018-04-22 06:46:53'),
	(30, 'nihil', 'Iste tenetur dolorem qui placeat voluptatem quos. Rerum nihil veritatis qui accusamus.', 127, 4, 16, 1, 4, NULL, '2018-04-22 06:46:53', '2018-04-22 06:46:53'),
	(31, 'aut', 'Voluptatum reiciendis numquam dolor non quia sed voluptas. Delectus a quo maxime eius. Temporibus qui nostrum eaque nulla laboriosam vitae.', 989, 8, 21, 4, 1, NULL, '2018-04-22 06:46:53', '2018-04-22 06:46:53'),
	(32, 'quibusdam', 'Id repudiandae consectetur id sit ut similique praesentium. Quod quo modi quisquam et. Consequatur ipsa exercitationem delectus autem veritatis ut inventore. Accusantium officia totam ut enim.', 471, 8, 13, 1, 2, NULL, '2018-04-22 06:46:53', '2018-04-22 06:46:53'),
	(33, 'alias', 'Unde unde suscipit assumenda molestiae qui voluptatem. Aut odio reiciendis laborum possimus asperiores mollitia tempore. Voluptatum perspiciatis molestiae voluptas similique repudiandae reprehenderit.', 675, 6, 6, 2, 5, NULL, '2018-04-22 06:46:53', '2018-04-22 06:46:53'),
	(34, 'sit', 'Ad ab pariatur sed id eos. Numquam ullam quis officiis exercitationem. Exercitationem enim iure facere nemo iusto veritatis voluptatum. Nam tempore maiores autem in labore.', 792, 5, 19, 4, 2, NULL, '2018-04-22 06:46:53', '2018-04-22 06:46:53'),
	(35, 'repudiandae', 'Delectus quasi quis omnis quos. Velit qui reiciendis aut velit dignissimos in. Repellat et sequi minus aliquid.', 482, 0, 9, 3, 3, NULL, '2018-04-22 06:46:53', '2018-04-22 06:46:53'),
	(36, 'animi', 'Doloribus omnis ut aspernatur eaque. Aut sint delectus vitae molestiae. Quia minus saepe laboriosam odit iusto hic rerum.', 615, 6, 27, 3, 5, NULL, '2018-04-22 06:46:53', '2018-04-22 06:46:53'),
	(37, 'perspiciatis', 'Ipsa cum id rerum odit at ab explicabo. Quis ut voluptatem nisi in. Ipsa omnis minima incidunt commodi et. Quasi velit doloribus repudiandae maxime vel excepturi.', 136, 7, 19, 5, 3, NULL, '2018-04-22 06:46:53', '2018-04-22 06:46:53'),
	(38, 'velit', 'Commodi cupiditate dolorem illum porro velit molestiae. Magnam incidunt natus error et iure praesentium rem optio. Quibusdam minus dolores est laudantium laboriosam ipsum. Aspernatur at ipsam at sit itaque. Est ex tempore aliquam consectetur porro excepturi suscipit quo.', 322, 4, 19, 1, 1, NULL, '2018-04-22 06:46:53', '2018-04-22 06:46:53'),
	(39, 'est', 'Magnam mollitia doloremque et porro. Quaerat vero qui omnis. Et dolorem ipsam nam voluptate saepe cumque quam. Natus occaecati alias nihil tempora nulla nobis nobis. Maxime cum aut sunt quo error exercitationem.', 169, 8, 7, 3, 4, NULL, '2018-04-22 06:46:53', '2018-04-22 06:46:53'),
	(40, 'in', 'Mollitia laborum non quia dicta sapiente natus et ex. Enim eligendi distinctio excepturi quas ullam. Sunt et laborum voluptas neque qui error recusandae.', 771, 8, 30, 5, 5, NULL, '2018-04-22 06:46:53', '2018-04-22 06:46:53'),
	(41, 'similique', 'Minus quam ab dolor. Et id quibusdam qui corrupti nihil ab qui sint. Sed quibusdam nostrum magnam quia aut sunt officia.', 947, 7, 25, 2, 2, NULL, '2018-04-22 06:46:53', '2018-04-22 06:46:53'),
	(42, 'illum', 'Rerum consequuntur placeat nobis enim quae et sunt. Dignissimos et placeat facilis natus corrupti. Consequatur non et nihil odio in error corporis.', 788, 6, 24, 1, 4, NULL, '2018-04-22 06:46:53', '2018-04-22 06:46:53'),
	(43, 'ducimus', 'Maiores et dolor sed vel necessitatibus. Voluptates eligendi quasi sed et. Laudantium deleniti quo assumenda omnis asperiores earum. Aperiam earum dolores cumque sed.', 510, 4, 3, 2, 2, NULL, '2018-04-22 06:46:53', '2018-04-22 06:46:53'),
	(44, 'maiores', 'Similique est non repudiandae expedita sit fugiat molestiae tempora. Sunt omnis repudiandae ea aut nostrum aut et. Repudiandae nemo non voluptate eaque.', 400, 4, 18, 4, 4, NULL, '2018-04-22 06:46:53', '2018-04-22 06:46:53'),
	(45, 'sit', 'Eum neque commodi veritatis. Soluta harum voluptatem saepe rerum reprehenderit qui molestiae.', 490, 8, 30, 1, 2, NULL, '2018-04-22 06:46:53', '2018-04-22 06:46:53'),
	(46, 'tempore', 'Suscipit sed et dolores optio commodi consequatur. Eius praesentium eum facilis veritatis iure. Quis voluptates labore pariatur placeat a rerum temporibus neque.', 619, 1, 22, 2, 3, NULL, '2018-04-22 06:46:53', '2018-04-22 06:46:53'),
	(47, 'nemo', 'Nesciunt rerum omnis numquam facilis aliquid voluptas. Quo consequatur reprehenderit quod ab. Pariatur ea nesciunt ut velit fugiat magni est. Dicta et et sit dignissimos nulla dolor.', 499, 0, 8, 4, 4, NULL, '2018-04-22 06:46:53', '2018-04-22 06:46:53'),
	(48, 'nihil', 'Omnis voluptates minus maiores fuga. Earum repellat accusantium commodi harum et. Vitae et hic facere voluptatem dolores sit distinctio non.', 331, 8, 2, 4, 4, NULL, '2018-04-22 06:46:53', '2018-04-22 06:46:53'),
	(49, 'ab', 'Provident sapiente quod est fugiat et sunt. Velit et non adipisci tenetur iusto ab. Doloribus molestiae voluptatem quaerat ducimus. Omnis omnis aliquid sit quaerat excepturi et aut. Quia sed odit id et quis nihil nisi.', 710, 7, 11, 3, 1, NULL, '2018-04-22 06:46:53', '2018-04-22 06:46:53'),
	(50, 'omnis', 'Aut amet labore commodi ea qui. Fuga in sit eos facere beatae amet alias. Non omnis id magnam laborum veniam consequatur. Qui in est voluptatibus iure quia maxime consequatur.', 381, 0, 22, 5, 5, NULL, '2018-04-22 06:46:53', '2018-04-22 06:46:53');
/*!40000 ALTER TABLE `products` ENABLE KEYS */;

-- Dumping structure for table LaravelECommerceRestfulAPI_db.reviews
CREATE TABLE IF NOT EXISTS `reviews` (
  `id` int(10) unsigned NOT NULL AUTO_INCREMENT,
  `product_id` int(10) unsigned NOT NULL,
  `customer` varchar(191) COLLATE utf8mb4_unicode_ci NOT NULL,
  `review` text COLLATE utf8mb4_unicode_ci NOT NULL,
  `star` int(11) NOT NULL,
  `created_at` timestamp NULL DEFAULT NULL,
  `updated_at` timestamp NULL DEFAULT NULL,
  PRIMARY KEY (`id`),
  KEY `reviews_product_id_index` (`product_id`),
  CONSTRAINT `reviews_product_id_foreign` FOREIGN KEY (`product_id`) REFERENCES `products` (`id`) ON DELETE CASCADE
) ENGINE=InnoDB AUTO_INCREMENT=301 DEFAULT CHARSET=utf8mb4 COLLATE=utf8mb4_unicode_ci;

-- Dumping data for table LaravelECommerceRestfulAPI_db.reviews: ~294 rows (approximately)
/*!40000 ALTER TABLE `reviews` DISABLE KEYS */;
INSERT INTO `reviews` (`id`, `product_id`, `customer`, `review`, `star`, `created_at`, `updated_at`) VALUES
	(1, 10, 'Prof. Dagmar Carroll', 'Pariatur recusandae consequatur eius. Adipisci tenetur est necessitatibus ab cumque deleniti error. Accusantium eligendi laudantium ut.', 4, '2018-04-22 06:46:54', '2018-04-22 06:46:54'),
	(2, 36, 'Sarai Halvorson DVM', 'Eum commodi consequatur doloribus expedita dolorem sint. Enim sit nobis deserunt. Eligendi harum in recusandae voluptas consequuntur. Sint facilis officia dignissimos vitae.', 0, '2018-04-22 06:46:54', '2018-04-22 06:46:54'),
	(3, 47, 'Genoveva Ondricka III', 'Nesciunt et numquam ex eligendi repudiandae. Atque suscipit iure eaque ea a. Aliquam occaecati provident perferendis.', 5, '2018-04-22 06:46:54', '2018-04-22 06:46:54'),
	(4, 46, 'Morris Davis IV', 'Exercitationem et cum dolor mollitia voluptatem perspiciatis. Commodi eum ut ducimus molestias. Sunt voluptatem sint aperiam ut et aperiam. Minus molestiae illum non sit natus quas.', 0, '2018-04-22 06:46:54', '2018-04-22 06:46:54'),
	(5, 37, 'Wilfrid Hessel II', 'Qui aut sit eius velit. Ab alias ut voluptatem. Libero facilis assumenda architecto quia et. Nesciunt qui qui debitis nam esse voluptates.', 0, '2018-04-22 06:46:54', '2018-04-22 06:46:54'),
	(6, 30, 'Prof. Jaylon Lesch IV', 'Facere similique quis natus odio aspernatur labore. Rerum et consectetur dignissimos possimus saepe. Aliquam voluptas aperiam quia illum tenetur quae similique. Eligendi repellat voluptatem rerum ea vitae sit.', 0, '2018-04-22 06:46:54', '2018-04-22 06:46:54'),
	(7, 14, 'Jett Koelpin PhD', 'Velit sed magnam corporis autem aut architecto. Totam consectetur animi quam sit. In tempora molestias saepe mollitia. Rerum natus blanditiis ad dolorem consectetur unde veniam.', 0, '2018-04-22 06:46:54', '2018-04-22 06:46:54'),
	(8, 20, 'Miss Wava Skiles II', 'Quis sit recusandae enim minus soluta impedit et. Suscipit molestias magnam quasi ut.', 5, '2018-04-22 06:46:54', '2018-04-22 06:46:54'),
	(9, 41, 'Ozella Hane', 'Voluptatem et enim laborum natus suscipit quia. Voluptate animi voluptatem illo. Consequatur impedit expedita vero ea id. Quis odit explicabo veritatis deleniti praesentium error corporis. Maxime deserunt est voluptas rerum omnis ullam.', 4, '2018-04-22 06:46:54', '2018-04-22 06:46:54'),
	(10, 33, 'Jana Goyette Jr.', 'Quas sit nam officia quidem aspernatur sit animi. Eius ipsa eius fugiat placeat sint. Et doloremque qui ut velit sunt adipisci qui.', 3, '2018-04-22 06:46:54', '2018-04-22 06:46:54'),
	(11, 21, 'Dr. Autumn Gutkowski', 'Dolorem fugiat voluptas eos facere. Molestiae fugit perspiciatis quos voluptatem vitae dolores. Porro assumenda tempora repellendus voluptatem est.', 1, '2018-04-22 06:46:54', '2018-04-22 06:46:54'),
	(12, 16, 'Mr. Jedediah Turcotte IV', 'Maxime necessitatibus blanditiis laudantium unde. Repudiandae cum laborum voluptate dolorem. Qui ut maiores ut quia quam.', 5, '2018-04-22 06:46:54', '2018-04-22 06:46:54'),
	(13, 8, 'Dr. Murphy Hickle II', 'Voluptatem unde sunt velit est et. Porro optio et cum ipsum quia cumque incidunt esse. Eveniet ab sint voluptas consequatur dolor.', 3, '2018-04-22 06:46:54', '2018-04-22 06:46:54'),
	(14, 38, 'Dr. Ralph Kuphal', 'Neque fugit libero dolor doloremque labore adipisci nihil. Modi harum sunt ea ut et hic minus. Unde minima dolores qui.', 1, '2018-04-22 06:46:54', '2018-04-22 06:46:54'),
	(15, 48, 'Prof. Myra Satterfield Sr.', 'Nesciunt mollitia vitae quia facere. Harum ipsum qui natus perspiciatis aut. Alias ut asperiores accusantium voluptatem et hic. Qui perspiciatis molestias eius ex expedita aut eveniet esse.', 3, '2018-04-22 06:46:54', '2018-04-22 06:46:54'),
	(16, 41, 'Ms. Anais Orn I', 'Sapiente nisi dignissimos non ut nisi. Autem ipsam consequatur dolores. Qui non facere magnam aut earum voluptatem. Ducimus magni minus sapiente cupiditate laudantium et voluptas similique.', 2, '2018-04-22 06:46:54', '2018-04-22 06:46:54'),
	(17, 35, 'Ed Dooley', 'Quam aut nihil voluptates corrupti. Et molestiae vel quidem.', 2, '2018-04-22 06:46:54', '2018-04-22 06:46:54'),
	(18, 2, 'Tom Schaefer', 'Animi et corrupti incidunt tenetur aliquam. Aut in nostrum quia laboriosam. Doloribus sequi aut est est praesentium vitae.', 2, '2018-04-22 06:46:54', '2018-04-22 06:46:54'),
	(19, 9, 'Nolan Mueller', 'Voluptatem sit impedit expedita non praesentium deleniti eum tempora. Iure eos odio qui cum vel. Amet ut aperiam dolorem quia dolores rem dolore perferendis. Quibusdam nesciunt pariatur est.', 2, '2018-04-22 06:46:54', '2018-04-22 06:46:54'),
	(20, 33, 'Demarcus Goldner', 'Nihil rem repudiandae sunt nesciunt voluptas est. Dolorem tempora dolores odio minima. Qui iure et velit alias aut laborum odio sit.', 1, '2018-04-22 06:46:54', '2018-04-22 06:46:54'),
	(21, 23, 'Kylee Kunze III', 'Et et distinctio et exercitationem. Distinctio explicabo illo sint ipsam qui consequuntur. Totam ut nobis ab ea.', 4, '2018-04-22 06:46:54', '2018-04-22 06:46:54'),
	(22, 18, 'Furman Toy PhD', 'Placeat dolorum quos atque nihil incidunt delectus. Quo fugit repudiandae quasi dignissimos voluptate recusandae eum.', 2, '2018-04-22 06:46:54', '2018-04-22 06:46:54'),
	(23, 48, 'Damaris Torphy', 'Praesentium temporibus qui cum qui ipsam ea. Eos pariatur error fuga iusto aliquam eum. Quia dignissimos voluptates facilis dolores esse. Eos consequatur ducimus expedita iure enim.', 5, '2018-04-22 06:46:54', '2018-04-22 06:46:54'),
	(24, 36, 'Prof. Thomas Schuppe', 'Totam et alias qui fugiat. Ut quis et ut et. Amet esse laudantium est. Tempora illum autem non unde autem itaque sed nostrum.', 2, '2018-04-22 06:46:54', '2018-04-22 06:46:54'),
	(25, 27, 'Jeanne Ernser PhD', 'Eos nesciunt quas unde natus quis velit iure. Voluptas architecto ut et dignissimos est iure iste. At eveniet necessitatibus qui rerum ea.', 5, '2018-04-22 06:46:54', '2018-04-22 06:46:54'),
	(26, 33, 'Estelle Wehner', 'Ut necessitatibus autem error eaque ut. Ut animi voluptatem et minima nisi est officiis.', 3, '2018-04-22 06:46:54', '2018-04-22 06:46:54'),
	(27, 33, 'Dr. Emmett Mohr', 'Unde aut distinctio voluptatem sunt. Atque ex porro est et. Amet aut voluptas inventore non non ducimus eum. Pariatur voluptatem dicta sint quam neque non blanditiis et.', 2, '2018-04-22 06:46:54', '2018-04-22 06:46:54'),
	(28, 38, 'Charlotte Jacobs', 'Temporibus veritatis dolores minima impedit quia voluptatem hic. Minus sit sunt occaecati doloremque quia voluptas non. Vero molestias est cumque pariatur debitis facere.', 2, '2018-04-22 06:46:54', '2018-04-22 06:46:54'),
	(29, 22, 'Frederique Murazik', 'Molestiae assumenda amet excepturi et pariatur fugit autem. Odio ex voluptate exercitationem nam provident culpa. Animi architecto illum ullam assumenda consequuntur quis error. Veniam qui laborum aperiam nostrum sed omnis.', 1, '2018-04-22 06:46:54', '2018-04-22 06:46:54'),
	(30, 21, 'Mr. Archibald Labadie', 'Necessitatibus qui repudiandae in a voluptatum qui voluptatem. Rerum id cumque culpa quaerat animi rerum sequi. Incidunt voluptatem rem quo.', 4, '2018-04-22 06:46:54', '2018-04-22 06:46:54'),
	(31, 18, 'Cleo Gibson', 'Odit voluptatem quibusdam reiciendis consectetur fugit. Dolorem pariatur itaque atque eaque reprehenderit. Magni nihil blanditiis quaerat quasi et sit.', 3, '2018-04-22 06:46:54', '2018-04-22 06:46:54'),
	(32, 32, 'Richmond Hand', 'Corporis pariatur voluptas ducimus consectetur libero saepe. Possimus voluptatum nulla nisi vel sed culpa.', 5, '2018-04-22 06:46:54', '2018-04-22 06:46:54'),
	(33, 18, 'Cassidy Quitzon', 'Rerum ex voluptatem est quia accusantium. Et temporibus libero aut quasi quibusdam laborum autem. Sed iure sed et officiis alias sed beatae. Quia et rerum aut tenetur quibusdam.', 4, '2018-04-22 06:46:54', '2018-04-22 06:46:54'),
	(34, 26, 'Claire Murray', 'Et blanditiis qui odit quibusdam et. Alias accusamus ipsa officia repellendus vel consequatur. Labore aut omnis aut.', 1, '2018-04-22 06:46:54', '2018-04-22 06:46:54'),
	(35, 23, 'Collin Murphy', 'Delectus atque voluptatem dolores. Suscipit et facilis qui qui molestiae. Harum repellat alias voluptatum omnis id.', 5, '2018-04-22 06:46:54', '2018-04-22 06:46:54'),
	(36, 20, 'Kay Emard', 'Eos beatae voluptatibus fugiat sed ex. Dolores sed sit in dignissimos aut dolorum enim sed. Et omnis qui pariatur consequatur qui cupiditate eligendi.', 0, '2018-04-22 06:46:54', '2018-04-22 06:46:54'),
	(37, 31, 'Kyler Cruickshank', 'Debitis quisquam atque cumque reprehenderit quas necessitatibus. Qui ea voluptatum quis mollitia tenetur cum. Porro occaecati enim id soluta sapiente deleniti quibusdam.', 2, '2018-04-22 06:46:54', '2018-04-22 06:46:54'),
	(38, 47, 'Lauriane DuBuque', 'Omnis qui architecto ut quia enim aperiam. Omnis est repellendus quam rerum. Sint ducimus quis recusandae molestias qui sunt est. Est dolores adipisci voluptatem sunt modi distinctio.', 1, '2018-04-22 06:46:54', '2018-04-22 06:46:54'),
	(39, 35, 'Mr. Mateo Lynch PhD', 'Cum et neque sed a beatae. Quas et fuga nesciunt consequatur ratione corporis. Voluptatibus qui atque voluptatem. Sint quae fugiat sint quia sit quae dolorum sint.', 5, '2018-04-22 06:46:54', '2018-04-22 06:46:54'),
	(40, 37, 'Ms. Aaliyah Lubowitz', 'Eum debitis est nesciunt rerum eius in optio. Vero et ea sequi ea. Repudiandae quidem cumque inventore praesentium non quis.', 5, '2018-04-22 06:46:54', '2018-04-22 06:46:54'),
	(41, 17, 'Christa Wyman', 'Corrupti tenetur tempora iusto et adipisci aut. Quisquam nam nisi optio doloribus dolor sunt voluptatem. Quis suscipit quisquam natus esse sequi nisi expedita.', 2, '2018-04-22 06:46:54', '2018-04-22 06:46:54'),
	(42, 32, 'Gavin Hoeger', 'Est quasi aperiam quos eligendi voluptatum. Blanditiis ea ducimus eligendi ullam. Sint expedita consequatur deserunt enim delectus ut. Sed voluptatibus sint deserunt. Harum quis et expedita sed.', 0, '2018-04-22 06:46:54', '2018-04-22 06:46:54'),
	(43, 14, 'Mrs. Christina Franecki PhD', 'Qui qui praesentium sunt fuga consequuntur. Eaque maiores voluptatum ab non sunt. Est maiores et vel eveniet. Aut consectetur nam quidem at.', 1, '2018-04-22 06:46:54', '2018-04-22 06:46:54'),
	(44, 16, 'Leola Lowe', 'Ipsam molestiae quo aliquid vitae fuga et. Soluta qui occaecati ex labore laborum velit ut. Nisi est praesentium quo ducimus natus sed. Perspiciatis sit expedita omnis minima iste.', 0, '2018-04-22 06:46:54', '2018-04-22 06:46:54'),
	(45, 5, 'Dr. Rosalyn Anderson Jr.', 'Possimus doloribus nesciunt est officiis voluptatem deserunt perferendis voluptas. Aut exercitationem ea iure nulla incidunt. Sint sed ex laudantium et et. Id est odio sit consequuntur.', 1, '2018-04-22 06:46:54', '2018-04-22 06:46:54'),
	(46, 2, 'Dr. Genesis Mertz V', 'Officiis corporis sed fugit est odit aut. Distinctio nam porro aut dignissimos est aut aut labore. Qui enim ad odit officiis. Et tempora nihil tenetur provident et quo aliquid.', 0, '2018-04-22 06:46:54', '2018-04-22 06:46:54'),
	(47, 24, 'Dr. Mohammed Conn', 'Ut non eum cupiditate adipisci autem alias nihil. Iusto qui nobis quibusdam id. Dignissimos reiciendis libero nisi ratione consequatur. Voluptatem vero esse id ut tenetur velit.', 0, '2018-04-22 06:46:54', '2018-04-22 06:46:54'),
	(48, 45, 'Matt White PhD', 'Atque eius adipisci eius dolores ipsa iusto. Ut modi et optio laborum dignissimos doloribus voluptas beatae. Molestiae atque impedit quis deserunt quia totam rerum.', 3, '2018-04-22 06:46:54', '2018-04-22 06:46:54'),
	(49, 46, 'Marjolaine Kirlin', 'Voluptatibus dolorem suscipit aliquam qui incidunt culpa facere. Corporis numquam ducimus maiores necessitatibus possimus odit laborum. Molestiae qui iure ad labore ut voluptatem officiis.', 4, '2018-04-22 06:46:54', '2018-04-22 06:46:54'),
	(50, 18, 'Francisco Schuppe', 'Rerum nulla deserunt pariatur in nulla. Et nulla ut dolores laudantium quam quas veritatis. Quas at omnis ratione laborum error saepe atque.', 3, '2018-04-22 06:46:54', '2018-04-22 06:46:54'),
	(51, 44, 'Lempi Dooley', 'Maxime aut ex vel nihil voluptatem. Officia et odit sit officiis autem dolorem culpa. Fuga rem sequi dolore beatae ea molestiae. Molestiae provident aut et laboriosam veniam doloribus mollitia vel. Minima possimus totam dolorem voluptatem.', 2, '2018-04-22 06:46:54', '2018-04-22 06:46:54'),
	(52, 2, 'Ken Homenick', 'Odio aut velit fuga ut impedit. Alias eligendi ipsam commodi deleniti dicta et. Voluptas quis consequatur et quae reiciendis quasi placeat. Eos excepturi consequuntur consequatur aperiam.', 3, '2018-04-22 06:46:54', '2018-04-22 06:46:54'),
	(54, 16, 'Prof. Dion Metz', 'Necessitatibus deserunt ut nihil consequatur. Unde consectetur quibusdam repellat laboriosam. Aut sed atque pariatur ut expedita repellendus est. Ut quas placeat qui totam autem labore.', 5, '2018-04-22 06:46:54', '2018-04-22 06:46:54'),
	(55, 14, 'Catharine Toy', 'Sed sit soluta consectetur quidem rem. Et molestiae quod facilis aut aut voluptate. Aliquid necessitatibus consectetur cumque corrupti iste officiis.', 2, '2018-04-22 06:46:54', '2018-04-22 06:46:54'),
	(56, 37, 'Mathias Pfannerstill', 'Hic est nulla beatae atque iure. Voluptas repudiandae totam cumque harum. Repellendus unde quis et quo dignissimos debitis. Porro sint omnis fuga porro magni recusandae corporis quis.', 1, '2018-04-22 06:46:54', '2018-04-22 06:46:54'),
	(57, 42, 'Candelario Johns', 'Consectetur eius ad commodi ut accusantium. Totam tempora perspiciatis recusandae quod.', 1, '2018-04-22 06:46:54', '2018-04-22 06:46:54'),
	(58, 21, 'Daphnee Friesen DVM', 'Architecto nisi aspernatur animi earum veritatis id amet. Iure unde occaecati vel ratione. Ducimus modi suscipit est qui non quas.', 5, '2018-04-22 06:46:54', '2018-04-22 06:46:54'),
	(59, 7, 'Jeffery Mohr', 'Aliquid incidunt non voluptatem placeat maiores quis. Magnam tempora et veniam et. Magni nam qui reiciendis. Quas maxime dolorum ipsam nemo facere quod nostrum.', 5, '2018-04-22 06:46:54', '2018-04-22 06:46:54'),
	(60, 28, 'Prof. Quentin Maggio', 'Eveniet vel ullam magni. Voluptatem qui non vel tempora. Dolores voluptas quisquam impedit a quia modi et.', 2, '2018-04-22 06:46:54', '2018-04-22 06:46:54'),
	(61, 33, 'Miguel Skiles', 'Ab fugiat omnis ut deserunt et molestias. Et qui rerum ea rerum debitis sed. Qui voluptatibus reprehenderit nostrum sit et.', 0, '2018-04-22 06:46:54', '2018-04-22 06:46:54'),
	(62, 49, 'Dr. Alexander Blick', 'Consequuntur iste at quo. Et sit doloremque iusto sed et labore nihil. Eos et impedit ut ipsa sint et non tenetur. Iusto sed vel deleniti possimus expedita.', 2, '2018-04-22 06:46:54', '2018-04-22 06:46:54'),
	(63, 14, 'Miss Felicia Green II', 'Quod corporis soluta explicabo et. In quis magni porro eius inventore earum voluptatem. Laborum quibusdam consectetur alias dolorem commodi beatae voluptatem magni.', 3, '2018-04-22 06:46:54', '2018-04-22 06:46:54'),
	(64, 41, 'Drake Okuneva', 'Ut et distinctio consectetur dolorum recusandae tempora. Alias ut aut voluptas dolores aut. Corrupti deserunt unde aspernatur corrupti est et.', 0, '2018-04-22 06:46:54', '2018-04-22 06:46:54'),
	(65, 41, 'Ed McKenzie', 'Eos laborum pariatur eos quia sed doloremque ut. Asperiores iste accusantium quam aliquid odit ex qui aperiam.', 0, '2018-04-22 06:46:54', '2018-04-22 06:46:54'),
	(66, 24, 'Petra Bruen', 'Fugit commodi quia aut animi laboriosam. Quia temporibus officia perspiciatis adipisci ut. Esse et sit error aliquam laudantium.', 0, '2018-04-22 06:46:54', '2018-04-22 06:46:54'),
	(67, 11, 'Graham Hudson', 'Sunt quaerat aut repudiandae. Cum non dolorem pariatur est officia. Sunt enim aliquid eos quia aut modi.', 3, '2018-04-22 06:46:54', '2018-04-22 06:46:54'),
	(68, 15, 'Mr. Camren Beatty MD', 'Magnam laborum odio nisi numquam. Commodi omnis qui suscipit nulla nisi. Voluptates harum incidunt dolores ut voluptatem maiores. Reprehenderit et illum maxime sit. Velit sit natus aliquam dolor perferendis qui quasi.', 1, '2018-04-22 06:46:54', '2018-04-22 06:46:54'),
	(69, 22, 'Lorine Cummerata', 'Quo quis voluptas ut at et fugiat autem. Molestiae nihil est adipisci molestias porro soluta quibusdam. Eos qui autem beatae aspernatur quis consequatur possimus. Aliquid qui non distinctio est.', 3, '2018-04-22 06:46:54', '2018-04-22 06:46:54'),
	(70, 18, 'Connor McGlynn', 'Exercitationem accusamus ut distinctio sed dolorum accusantium voluptates. Quo occaecati fuga aliquid magnam inventore quod enim. Molestias sit neque sint nostrum ratione.', 2, '2018-04-22 06:46:54', '2018-04-22 06:46:54'),
	(71, 14, 'Mr. Kale Treutel Sr.', 'Fugit delectus ipsam impedit. Dolorum et recusandae voluptas nulla omnis. Qui ea maiores voluptatem et sint dolores et quibusdam. Voluptatem dolorem nisi id et nihil non. Eius velit id sint et voluptatum est ducimus esse.', 2, '2018-04-22 06:46:54', '2018-04-22 06:46:54'),
	(72, 40, 'Gunnar Bechtelar', 'Ut saepe fuga rerum dolorem sit officia. Quam voluptate et magnam dolorum. Ut ipsa qui ipsam enim. Blanditiis ad ad ut omnis suscipit praesentium magnam.', 2, '2018-04-22 06:46:54', '2018-04-22 06:46:54'),
	(73, 39, 'Devin Thompson', 'Est delectus quo omnis enim odit sit minus. Dolorum hic qui molestias ex voluptatem. Atque sed vero neque non sed rerum. Tempora aut perspiciatis et distinctio voluptate accusantium. Velit dolore sunt quos debitis consequatur vel sit.', 1, '2018-04-22 06:46:54', '2018-04-22 06:46:54'),
	(74, 35, 'Nathan Rodriguez', 'Porro omnis similique necessitatibus distinctio omnis iste facilis. Aut rerum nam earum consequatur et. Nesciunt occaecati pariatur ut minima qui voluptatibus. Ipsam occaecati aut porro quas enim aspernatur itaque. Quisquam enim et vel qui.', 5, '2018-04-22 06:46:54', '2018-04-22 06:46:54'),
	(75, 43, 'Mrs. Elsa Batz', 'Doloremque unde placeat doloremque earum ut. Iure repellat voluptas enim labore quae tempora architecto. Voluptates et eligendi consequatur dicta. Iste eligendi nobis nesciunt blanditiis ut.', 3, '2018-04-22 06:46:54', '2018-04-22 06:46:54'),
	(76, 13, 'Cale Blick MD', 'Voluptatibus et ducimus est adipisci magni provident et. Ut sed quidem sequi soluta autem et. Sequi rerum et aut aliquid. Totam explicabo quibusdam voluptatum similique voluptate aut. In possimus recusandae ipsa ut quaerat.', 0, '2018-04-22 06:46:54', '2018-04-22 06:46:54'),
	(77, 1, 'Hank Hand', 'Ipsum quia quibusdam omnis quo occaecati rerum. Nam veritatis omnis natus aliquam non delectus cumque. Delectus alias nesciunt repudiandae eos odio impedit dicta. Recusandae aut sunt libero sint ut incidunt.', 1, '2018-04-22 06:46:54', '2018-04-22 06:46:54'),
	(78, 31, 'Louvenia Schumm', 'Maxime provident voluptatem nihil. Assumenda voluptatum et consequuntur reiciendis dolores. Labore quidem quae repellendus est iure laboriosam possimus.', 0, '2018-04-22 06:46:54', '2018-04-22 06:46:54'),
	(79, 11, 'Candido Prosacco Jr.', 'Vero et et qui nam esse at consequatur. Dolorum et est omnis aut molestiae. Officia impedit consequuntur omnis ex repellendus et dolore. Dolor voluptatibus ducimus optio beatae.', 0, '2018-04-22 06:46:54', '2018-04-22 06:46:54'),
	(80, 28, 'Vince Crist', 'Laborum et et delectus aspernatur atque omnis consectetur. Ut distinctio nobis nobis quos incidunt ut. Eligendi voluptas cupiditate amet dolores omnis.', 1, '2018-04-22 06:46:54', '2018-04-22 06:46:54'),
	(81, 36, 'Jazmyne Renner', 'Inventore quidem vero qui soluta illo itaque. Quia consequuntur esse et accusamus. Dolores molestiae est ut occaecati culpa animi. Rerum et adipisci nihil.', 0, '2018-04-22 06:46:54', '2018-04-22 06:46:54'),
	(82, 24, 'Mrs. Myrna Howell', 'Ratione omnis aut eaque nemo soluta quo. Officiis sit vel eum aliquid quos totam. Laudantium est consequuntur amet eum quia odit distinctio.', 1, '2018-04-22 06:46:54', '2018-04-22 06:46:54'),
	(83, 48, 'Prof. Tomas Barton', 'Et est voluptates sit in distinctio qui et. Esse eos porro dolore et. Magnam eum rerum qui.', 5, '2018-04-22 06:46:54', '2018-04-22 06:46:54'),
	(84, 31, 'Damion Johns', 'Blanditiis tenetur eaque sunt. Qui cupiditate et quis doloremque sint et debitis. Est temporibus eligendi quia libero ipsum dolor. Delectus est repellat aut ut eligendi. Quam facilis culpa ad quam.', 3, '2018-04-22 06:46:54', '2018-04-22 06:46:54'),
	(85, 43, 'Nina Wiegand', 'Eaque facere enim a sequi. Aspernatur rerum sed veritatis vitae sequi. Consectetur eveniet voluptatem odio nostrum nulla quos. Consequatur esse qui ducimus consequatur. Ut illo molestias veniam qui rerum ut.', 3, '2018-04-22 06:46:54', '2018-04-22 06:46:54'),
	(86, 32, 'Miss Aliya Wisoky PhD', 'Sit expedita eaque ea. Sunt soluta tempora itaque explicabo eum.', 3, '2018-04-22 06:46:54', '2018-04-22 06:46:54'),
	(87, 50, 'Aiyana Ernser I', 'Excepturi aut consectetur inventore officiis. Suscipit exercitationem aut consequatur rem aut provident. Nihil quod soluta corporis ut repellendus rerum. Deleniti id natus voluptatem.', 3, '2018-04-22 06:46:54', '2018-04-22 06:46:54'),
	(88, 34, 'Prof. Felipe Kuhn', 'Cupiditate qui veritatis quia dignissimos minus corrupti. Tempore et repudiandae error mollitia accusantium. Quibusdam perferendis nobis aliquam.', 5, '2018-04-22 06:46:54', '2018-04-22 06:46:54'),
	(89, 44, 'Hannah Orn', 'Labore voluptatum ipsa aliquam asperiores eos sunt autem. Dicta et voluptatum iusto quo eius voluptas eum. Harum non suscipit ipsa consectetur harum non. Omnis iure molestiae in totam.', 0, '2018-04-22 06:46:54', '2018-04-22 06:46:54'),
	(90, 36, 'Omari Hand', 'Numquam ut aut aspernatur nobis. Similique voluptatibus vitae dolore sunt. Officiis ut ea debitis nemo atque impedit. Sed voluptatum vero sunt asperiores culpa consequuntur quibusdam ut.', 4, '2018-04-22 06:46:54', '2018-04-22 06:46:54'),
	(91, 11, 'Abagail Klocko V', 'Et tempora optio nostrum quis. Voluptatibus quas ab voluptas iure consequatur ut. Aut tenetur eligendi omnis.', 4, '2018-04-22 06:46:54', '2018-04-22 06:46:54'),
	(92, 16, 'Prof. Dalton Hansen Jr.', 'Ab ullam fugit nulla vero. Sed nihil repellendus eos vel ipsa. Totam reprehenderit et laboriosam. Reiciendis non enim harum dolorem sunt odit quam.', 5, '2018-04-22 06:46:54', '2018-04-22 06:46:54'),
	(93, 45, 'Dr. Myrtle Heathcote IV', 'Aperiam beatae quae dolores magni corporis porro exercitationem. Id repellat veniam qui voluptatibus. Unde nihil blanditiis enim id qui quae id commodi.', 4, '2018-04-22 06:46:54', '2018-04-22 06:46:54'),
	(94, 49, 'Verda Windler DDS', 'Quasi mollitia maiores vitae dolor asperiores iste. Molestias excepturi est consequatur harum hic nulla aut. Molestiae aliquam quod adipisci. Mollitia distinctio et quam id. Architecto rerum iusto quo cum animi corrupti aut molestiae.', 2, '2018-04-22 06:46:54', '2018-04-22 06:46:54'),
	(95, 38, 'Rogelio Hand', 'Porro et perspiciatis reprehenderit ut facere sunt provident. Corrupti aspernatur consequatur in est sint blanditiis voluptatem. Ea ipsum similique magni exercitationem omnis. Consequatur iure delectus atque quas. Debitis quia blanditiis quam sed quae.', 1, '2018-04-22 06:46:54', '2018-04-22 06:46:54'),
	(96, 1, 'Tatyana Brown', 'Quaerat modi dignissimos veritatis dolorem incidunt sit. Qui laborum quia omnis fugiat. Rerum exercitationem magni delectus nisi voluptates sit dignissimos. Assumenda at omnis quo et consectetur.', 2, '2018-04-22 06:46:54', '2018-04-22 06:46:54'),
	(97, 49, 'Mattie Bechtelar', 'Odio et quae iste laboriosam. Sint sit et quia delectus dolorem magnam blanditiis eligendi. Nihil qui dicta culpa earum nihil atque autem. Est a ea perferendis et aspernatur eveniet quia.', 0, '2018-04-22 06:46:54', '2018-04-22 06:46:54'),
	(98, 12, 'Chris Mohr', 'Dignissimos sint voluptatem dignissimos nobis temporibus. Voluptatum sit praesentium magnam aspernatur est aut necessitatibus. Doloremque id molestias fugit.', 4, '2018-04-22 06:46:54', '2018-04-22 06:46:54'),
	(99, 1, 'Arielle Jacobi', 'Magnam pariatur libero sint veritatis qui facere nemo. Quo ex qui nobis quam expedita. Dolorem eum velit excepturi nesciunt qui id.', 3, '2018-04-22 06:46:54', '2018-04-22 06:46:54'),
	(100, 46, 'Gage Thompson', 'Qui eum nesciunt eos est dolorum odit libero. Doloremque rerum eveniet non sint qui hic sit voluptas. Culpa sequi qui veniam corrupti voluptate praesentium reprehenderit qui. Dolore corrupti debitis est eos.', 5, '2018-04-22 06:46:54', '2018-04-22 06:46:54'),
	(101, 48, 'Ms. Domenica Hudson', 'Ut et dolor nemo ipsum rerum nulla. Aliquam porro ullam repellat ex. Alias illum aut est aut expedita.', 2, '2018-04-22 06:46:54', '2018-04-22 06:46:54'),
	(102, 47, 'Alfred Gottlieb', 'Assumenda voluptates recusandae voluptas qui qui. Cumque dolore vel officiis corporis voluptatem repellendus ut. Velit quisquam consectetur dolorem maxime quia perspiciatis voluptas.', 5, '2018-04-22 06:46:54', '2018-04-22 06:46:54'),
	(103, 30, 'Jadyn Johnston Sr.', 'Est odio eligendi numquam quia sapiente non numquam. Tempora sint ut exercitationem consectetur non. Deserunt et accusamus debitis maxime dolores et ut.', 3, '2018-04-22 06:46:54', '2018-04-22 06:46:54'),
	(105, 38, 'Renee Bogan', 'Sed est iure et est et voluptatem ut. Cumque error praesentium natus dolorum. Sequi sunt aut hic libero accusamus.', 3, '2018-04-22 06:46:54', '2018-04-22 06:46:54'),
	(106, 22, 'Mr. Clement Streich MD', 'Hic facere consequatur impedit non. Ut corrupti esse fuga exercitationem. Assumenda a deserunt nesciunt a sed pariatur. Architecto occaecati ea inventore nobis et voluptatem voluptas.', 1, '2018-04-22 06:46:54', '2018-04-22 06:46:54'),
	(107, 22, 'Hassie Nitzsche', 'Impedit est ducimus maiores. Amet ex odio sed accusamus sed. Qui soluta quo provident blanditiis tempora quaerat et sit.', 1, '2018-04-22 06:46:54', '2018-04-22 06:46:54'),
	(108, 44, 'Dr. Toni Brekke DDS', 'Nihil nihil et dolor iusto architecto et voluptates. Totam officiis consequuntur eum quia ut. Ea inventore voluptatem voluptatibus. Ab facere fugiat vel ratione.', 3, '2018-04-22 06:46:54', '2018-04-22 06:46:54'),
	(109, 40, 'Dr. Harley Feil', 'Exercitationem illo ea qui corporis. Illo molestiae qui nihil sunt. Aut similique aut delectus voluptatem reiciendis nihil quasi. Qui delectus exercitationem ut doloribus quis pariatur numquam ea.', 1, '2018-04-22 06:46:54', '2018-04-22 06:46:54'),
	(110, 7, 'Dr. Dorothea Nienow', 'Consectetur assumenda dolorem sint nam pariatur. Et quia est placeat nihil quod. Ipsum veniam provident earum sequi.', 3, '2018-04-22 06:46:54', '2018-04-22 06:46:54'),
	(111, 33, 'Maurine Schroeder', 'Necessitatibus sit omnis vitae modi veritatis asperiores id. Omnis in ad quis corporis aut. Ratione atque eos rerum vel repudiandae rem nulla.', 0, '2018-04-22 06:46:54', '2018-04-22 06:46:54'),
	(112, 24, 'Mrs. Vicenta Schuppe', 'Et libero dolor accusamus quia nulla possimus aut. Officia placeat rerum sint et odit quo pariatur. Dolorem facere nihil nisi tenetur doloremque architecto quod id.', 5, '2018-04-22 06:46:54', '2018-04-22 06:46:54'),
	(113, 11, 'Adeline Mraz', 'Ducimus necessitatibus aspernatur dolores provident veniam optio cupiditate rerum. Molestiae quia perferendis tenetur numquam asperiores dignissimos. Et explicabo possimus debitis voluptate consectetur ut. Molestiae ducimus et quia unde sint.', 2, '2018-04-22 06:46:54', '2018-04-22 06:46:54'),
	(114, 48, 'Prof. Jasper Nader PhD', 'Dolores ipsum et quo architecto autem. Ipsam voluptatem eveniet aut et praesentium esse aut. Itaque voluptatem id fuga ducimus quod. Delectus eaque repellendus fugiat voluptatem.', 3, '2018-04-22 06:46:54', '2018-04-22 06:46:54'),
	(115, 10, 'Alexane Nienow', 'Et iste recusandae voluptas vitae distinctio fugiat. Dicta impedit minima ut eaque dicta deleniti. Et sed dolore consequatur in odit ut beatae. Dolorem quia iste sapiente voluptas.', 5, '2018-04-22 06:46:54', '2018-04-22 06:46:54'),
	(116, 2, 'Jaeden Hahn DVM', 'Temporibus omnis doloribus et error reiciendis qui. Accusamus sint dolores itaque esse sed nostrum nihil. Corporis cum eos qui.', 4, '2018-04-22 06:46:54', '2018-04-22 06:46:54'),
	(117, 11, 'Breanna Kreiger PhD', 'Quo velit ipsa fugit sit iure. Odit repudiandae eos voluptate ut possimus. Sunt aut fuga aut autem qui distinctio.', 2, '2018-04-22 06:46:54', '2018-04-22 06:46:54'),
	(118, 22, 'Dr. Tatum Murray IV', 'Itaque rerum iste nihil illo fugit fugit sequi. Et cum fugiat recusandae veritatis iste iusto sequi. Quis voluptatibus accusamus deserunt voluptatibus minima.', 3, '2018-04-22 06:46:54', '2018-04-22 06:46:54'),
	(119, 29, 'Jarod Pacocha', 'Id rerum porro sit. Doloribus voluptas dicta ut adipisci. Sint quo qui tempore autem ullam et soluta.', 3, '2018-04-22 06:46:54', '2018-04-22 06:46:54'),
	(120, 12, 'Ima Kunde', 'Aut rerum temporibus dolor repellat alias. Architecto ipsa inventore animi debitis quam sapiente laudantium. Explicabo aut velit odio voluptas.', 4, '2018-04-22 06:46:54', '2018-04-22 06:46:54'),
	(121, 50, 'Prof. Jodie Donnelly', 'Ea nihil minima culpa dolor. Omnis reprehenderit quaerat suscipit impedit magnam cumque. Eum dolorem quia cumque possimus.', 4, '2018-04-22 06:46:54', '2018-04-22 06:46:54'),
	(122, 26, 'Marcia Ullrich', 'Fuga ipsam dolorem dicta perspiciatis hic perferendis. Voluptatibus at dicta at magnam.', 5, '2018-04-22 06:46:54', '2018-04-22 06:46:54'),
	(123, 11, 'Dr. Modesto Lehner Sr.', 'Porro perspiciatis aliquid distinctio dolorem quo. Ut tenetur dolor inventore explicabo doloribus et. Eum consectetur accusamus qui alias minima ipsum. Consequatur id sed facilis nam est architecto.', 4, '2018-04-22 06:46:54', '2018-04-22 06:46:54'),
	(124, 19, 'Ms. Yolanda Satterfield II', 'Aut est dicta repellat optio odio. Tenetur quam velit repellat aut iste. Ut quia odio temporibus minus culpa quia. Quia ut et omnis. Atque fugit a et quae.', 3, '2018-04-22 06:46:54', '2018-04-22 06:46:54'),
	(125, 30, 'Blaise Bauch', 'Et labore eius cupiditate doloribus. Sit corporis quam sunt esse accusantium nihil. Soluta sint quos ut error et. Nesciunt nobis eos provident et rem quibusdam.', 5, '2018-04-22 06:46:54', '2018-04-22 06:46:54'),
	(126, 7, 'Gail Bergstrom Jr.', 'Non reiciendis vel culpa qui in. Esse in enim dolorum mollitia nihil et. Quae nam sunt voluptas ut perspiciatis. Porro exercitationem et atque ut soluta nesciunt.', 1, '2018-04-22 06:46:54', '2018-04-22 06:46:54'),
	(127, 48, 'Victoria Parisian', 'Porro ad aut veniam fugiat eaque eum ipsam. Est quibusdam id nostrum quis. Voluptatem et consectetur quibusdam necessitatibus adipisci.', 0, '2018-04-22 06:46:54', '2018-04-22 06:46:54'),
	(128, 1, 'Tyrel Reilly', 'Distinctio et neque rerum et. Veniam nihil odit optio nulla dicta dolor sunt. Enim consequatur perspiciatis asperiores sit nobis.', 5, '2018-04-22 06:46:54', '2018-04-22 06:46:54'),
	(129, 3, 'Donna Rolfson', 'Voluptatem aut est illo quo. Vero quia ut qui est repudiandae sed. Quod et aut eveniet ipsum optio voluptatum. Architecto animi aperiam eum ut.', 3, '2018-04-22 06:46:54', '2018-04-22 06:46:54'),
	(130, 45, 'America Blick', 'Beatae dolor provident odit quaerat quae assumenda iure. Error autem quis sapiente ab cupiditate natus fugiat. Error non velit incidunt sit aut laborum ut. Numquam perspiciatis esse facilis consequatur explicabo.', 3, '2018-04-22 06:46:54', '2018-04-22 06:46:54'),
	(131, 36, 'Prof. Brain Schimmel', 'Minima blanditiis voluptatum ducimus id labore esse. Architecto dolores nesciunt pariatur fuga qui quod et.', 5, '2018-04-22 06:46:54', '2018-04-22 06:46:54'),
	(132, 7, 'Brook Zulauf', 'Aut consequuntur voluptatem et molestias qui praesentium. Tempora quia ab itaque dolorem in a. Voluptatem facere ut dolores sunt.', 5, '2018-04-22 06:46:54', '2018-04-22 06:46:54'),
	(133, 7, 'Efren Parisian', 'Sit perspiciatis voluptas quo deleniti ut sunt consequatur. Vel voluptatem et nesciunt totam quod occaecati necessitatibus. Exercitationem exercitationem quaerat maiores et. Eveniet maxime pariatur provident.', 1, '2018-04-22 06:46:54', '2018-04-22 06:46:54'),
	(134, 48, 'Freeman Batz', 'Rerum labore molestiae consequuntur consectetur ut dolorem pariatur. Sit molestiae magnam vel perspiciatis nihil cum veniam. Non aperiam temporibus voluptatem dolorum est sit nesciunt. Velit ducimus et dolore quasi reiciendis reiciendis totam.', 3, '2018-04-22 06:46:54', '2018-04-22 06:46:54'),
	(135, 2, 'Bailee Kuvalis', 'Omnis totam praesentium laboriosam quia id ipsam omnis. Dolorum id magnam corrupti laborum neque quo mollitia nostrum. Asperiores quam esse qui.', 3, '2018-04-22 06:46:54', '2018-04-22 06:46:54'),
	(136, 7, 'Ken Rolfson', 'Culpa facilis delectus hic exercitationem qui eum. Omnis optio possimus et deleniti qui et qui. Laborum voluptatem quos quibusdam officiis officiis et et. Odio eum nostrum saepe itaque asperiores.', 5, '2018-04-22 06:46:54', '2018-04-22 06:46:54'),
	(138, 22, 'Miss Brigitte Lakin', 'Nobis qui odio aut qui voluptatem aliquam odit. Quas dignissimos optio molestias odit. Eius consectetur dolor quia aspernatur.', 1, '2018-04-22 06:46:54', '2018-04-22 06:46:54'),
	(139, 15, 'Aditya Gorczany', 'Quasi voluptate incidunt nesciunt odio beatae et quo eos. Et minus id velit ad. Reiciendis praesentium ullam aperiam esse ipsam ut a reiciendis.', 4, '2018-04-22 06:46:54', '2018-04-22 06:46:54'),
	(140, 6, 'Anabel Lockman II', 'Qui tenetur aut molestiae nobis placeat. Veniam quae vitae ullam eum et quia. Ipsum quo et ipsum et repudiandae libero inventore.', 0, '2018-04-22 06:46:54', '2018-04-22 06:46:54'),
	(142, 3, 'Marcel Grimes', 'Sit ut eos dolore hic accusamus. Nihil quo eos voluptatum temporibus omnis et vel quia. Omnis incidunt quidem labore eos veniam repudiandae tenetur.', 1, '2018-04-22 06:46:54', '2018-04-22 06:46:54'),
	(143, 19, 'Ms. Janice Runolfsdottir DDS', 'Incidunt nesciunt tenetur qui. Quasi eum similique ipsa non. Illum id impedit veritatis veniam veritatis. Saepe fugit possimus iure ut dolor omnis facilis ipsum. Quaerat optio sit voluptates delectus.', 0, '2018-04-22 06:46:54', '2018-04-22 06:46:54'),
	(144, 47, 'Freddy Fritsch I', 'Dolore fugit porro consequatur a. Repudiandae deserunt autem qui. Omnis quasi consequuntur quibusdam cupiditate. Nulla optio sapiente voluptatem et assumenda.', 2, '2018-04-22 06:46:54', '2018-04-22 06:46:54'),
	(145, 44, 'Flavie Bosco', 'Quia placeat sit veniam eius hic aperiam qui. Id explicabo ipsum accusantium laboriosam sit deserunt. Error fugit dolorem sed earum architecto cum. Molestias recusandae laborum dignissimos velit iusto architecto delectus.', 3, '2018-04-22 06:46:54', '2018-04-22 06:46:54'),
	(146, 22, 'Ms. Aglae Parker', 'Laboriosam eveniet nam ad placeat sunt iste. Ipsa nisi doloremque dolorem. Molestias quod non eligendi iste qui quia.', 5, '2018-04-22 06:46:54', '2018-04-22 06:46:54'),
	(147, 1, 'Mr. Forrest Kuhlman I', 'Iusto ad ad itaque perferendis necessitatibus. Qui consequuntur voluptate sint voluptatum ab nihil quas suscipit. Voluptas sunt minima saepe eum aut consequatur.', 5, '2018-04-22 06:46:54', '2018-04-22 06:46:54'),
	(148, 13, 'Prof. Cicero Lebsack', 'Deserunt necessitatibus harum perspiciatis. Cupiditate sunt velit perferendis eius unde ipsa.', 3, '2018-04-22 06:46:54', '2018-04-22 06:46:54'),
	(149, 22, 'Mazie Kassulke', 'Quidem aut mollitia ut vitae voluptatibus. Repellendus illo distinctio eaque nemo aut. Est facilis dolores dolore qui. Molestiae veniam vero repellendus illo ipsa.', 2, '2018-04-22 06:46:54', '2018-04-22 06:46:54'),
	(150, 25, 'Annette Murray', 'Ipsum et omnis harum aut delectus voluptates. Vel qui est optio voluptates doloremque ab amet ipsam. Asperiores pariatur dolor reprehenderit nisi consequatur adipisci.', 1, '2018-04-22 06:46:54', '2018-04-22 06:46:54'),
	(151, 16, 'Elisabeth Daugherty MD', 'Laboriosam rerum dolorum possimus praesentium vero. Porro cupiditate fuga nihil est blanditiis ipsum et nemo. Eius quo minima consequatur dolor ducimus.', 1, '2018-04-22 06:46:54', '2018-04-22 06:46:54'),
	(152, 46, 'Braxton McClure', 'Iusto velit commodi excepturi illo iure. Veritatis quisquam consectetur molestiae soluta quia. Quae dolor consequatur animi ut alias.', 3, '2018-04-22 06:46:54', '2018-04-22 06:46:54'),
	(154, 35, 'Prof. Javonte Bosco', 'Nihil a hic et officia ad. Iste ducimus sit modi ex eum aut numquam ea. Odio assumenda quaerat quo impedit officiis temporibus.', 0, '2018-04-22 06:46:54', '2018-04-22 06:46:54'),
	(155, 17, 'Isidro Farrell', 'Consequatur placeat ipsam magni voluptate. Aut ut dignissimos dicta nostrum rerum doloremque illo. Soluta voluptatibus sunt dolorum vero commodi fugiat. Reiciendis aut unde sint officiis.', 4, '2018-04-22 06:46:54', '2018-04-22 06:46:54'),
	(156, 41, 'Dr. Pat Hills II', 'Natus eos voluptate voluptatem est. Explicabo velit dolore odit labore. Nihil alias corrupti sed sapiente totam ut voluptatibus. Ut ipsa quaerat aliquam omnis quisquam illo excepturi. Quaerat hic qui totam possimus aut assumenda.', 3, '2018-04-22 06:46:54', '2018-04-22 06:46:54'),
	(157, 6, 'Rashad Spencer', 'Ea voluptatem autem voluptas eveniet voluptate commodi minima et. Deserunt in quisquam corporis est.', 1, '2018-04-22 06:46:54', '2018-04-22 06:46:54'),
	(158, 13, 'Maureen Davis I', 'Officiis aspernatur soluta consequatur consectetur sit tempore. Sint perferendis impedit autem culpa. Reprehenderit eius corrupti dicta nostrum.', 1, '2018-04-22 06:46:54', '2018-04-22 06:46:54'),
	(159, 13, 'Mr. Davonte Anderson PhD', 'Exercitationem quo corrupti inventore ut sed. Qui nam pariatur ipsam consequuntur sed est perspiciatis accusantium.', 2, '2018-04-22 06:46:54', '2018-04-22 06:46:54'),
	(160, 8, 'Mrs. Peggie Prohaska', 'Doloremque et et sequi est atque a. Aut voluptate ex dolores velit cupiditate. Sit occaecati accusantium nostrum repudiandae dolorum vel doloremque.', 1, '2018-04-22 06:46:54', '2018-04-22 06:46:54'),
	(161, 2, 'Sonny Keeling', 'Quibusdam maiores temporibus fugiat nihil unde et. Voluptas est voluptatem et sapiente. Aliquam officiis a nemo tempora quis. Quam dolorum commodi explicabo ab optio pariatur aut.', 2, '2018-04-22 06:46:54', '2018-04-22 06:46:54'),
	(162, 14, 'Mr. Neal Heidenreich V', 'Autem delectus ea ea. Qui totam sapiente aut a asperiores culpa. Quas facere praesentium quae consequatur suscipit.', 3, '2018-04-22 06:46:54', '2018-04-22 06:46:54'),
	(163, 1, 'Judson Corkery', 'Omnis laborum et eius voluptas sed. Voluptates cumque id molestias eius culpa sed. Et sed aut consequatur eveniet repellat.', 0, '2018-04-22 06:46:54', '2018-04-22 06:46:54'),
	(164, 3, 'Dr. Elinore Blick MD', 'Sequi et accusantium in accusamus ratione quae voluptatem. Commodi dolorem dolorem voluptatibus non distinctio voluptatem molestias. Delectus fuga et architecto illo quo vitae.', 0, '2018-04-22 06:46:54', '2018-04-22 06:46:54'),
	(165, 45, 'Mrs. Kirstin Lang V', 'Aliquid modi quis culpa quisquam voluptas. Dolores qui ut optio beatae fuga. Dignissimos quis impedit natus quia tempore et incidunt.', 0, '2018-04-22 06:46:54', '2018-04-22 06:46:54'),
	(166, 9, 'Dr. Mateo DuBuque', 'Saepe ea repellendus enim qui et dignissimos odit. Sit autem dolores dolores rerum inventore aut autem. Commodi dolorum nihil dicta eum eveniet a. Quibusdam ex at exercitationem rerum animi voluptatem.', 4, '2018-04-22 06:46:54', '2018-04-22 06:46:54'),
	(167, 17, 'Laurianne Herzog', 'Voluptatem qui enim non animi voluptates consequatur autem soluta. Qui magni dolorum non qui dolore in. Officia amet voluptatem ut eveniet. Quaerat voluptatibus omnis et culpa aut.', 4, '2018-04-22 06:46:54', '2018-04-22 06:46:54'),
	(168, 46, 'Savanna Prosacco', 'Ipsum sint placeat omnis tempore sint et eaque. Itaque aut nostrum placeat ea quae. Ea ab quia rerum velit est rerum qui.', 3, '2018-04-22 06:46:54', '2018-04-22 06:46:54'),
	(169, 15, 'Shanny Effertz', 'Itaque adipisci quo quae et ex aut. Voluptatem adipisci aspernatur velit cum. Et non velit maiores facilis. Dolores doloremque officia harum nulla quia. Eum odio molestiae temporibus voluptatibus.', 1, '2018-04-22 06:46:54', '2018-04-22 06:46:54'),
	(170, 26, 'Miss Katelynn Herman', 'Quam cumque sunt et sequi amet recusandae. Atque est rem et aut dolor. Consequatur rerum facere mollitia et quidem.', 0, '2018-04-22 06:46:54', '2018-04-22 06:46:54'),
	(171, 30, 'Lilla Lind', 'Velit temporibus eligendi voluptas laudantium cum. Illum architecto nesciunt unde debitis eaque est veniam. Ut aut aspernatur ut quia velit magnam sed.', 1, '2018-04-22 06:46:54', '2018-04-22 06:46:54'),
	(172, 19, 'Evelyn Bergnaum', 'Numquam nisi qui magni tempore aspernatur. Voluptas et odio aut laborum quo suscipit. Suscipit voluptatem error officia nesciunt dolore voluptatem possimus est.', 4, '2018-04-22 06:46:54', '2018-04-22 06:46:54'),
	(173, 5, 'Dora Bernier', 'Rerum doloribus dolores sint quis. Perspiciatis qui laudantium aut accusamus repudiandae laudantium. Ratione quaerat asperiores est et vitae.', 5, '2018-04-22 06:46:54', '2018-04-22 06:46:54'),
	(174, 7, 'Sunny Kilback DDS', 'Harum est qui ex vero. Dolores quia et et perspiciatis. Porro enim assumenda sed in architecto ex.', 0, '2018-04-22 06:46:54', '2018-04-22 06:46:54'),
	(175, 20, 'Adrian Schamberger', 'Aut nihil sapiente corrupti velit. Animi commodi magnam ipsum ex et fugit cupiditate. Maiores nemo et ipsum vel omnis totam qui.', 0, '2018-04-22 06:46:54', '2018-04-22 06:46:54'),
	(176, 22, 'Nora Bogan', 'Dignissimos voluptas praesentium asperiores eveniet sunt. Aut fugit occaecati et repellendus error facilis. Eum est et omnis tempore doloremque esse rem facere.', 3, '2018-04-22 06:46:54', '2018-04-22 06:46:54'),
	(177, 16, 'Buster Zboncak V', 'Qui perferendis consequuntur consequatur reiciendis et qui. Molestiae eos eos similique nihil aut dicta. Molestiae repellendus sint reprehenderit tenetur asperiores. Sit distinctio nihil minima perferendis corporis culpa molestiae dolorem. Quia ut commodi at iste ut quam dolorum.', 0, '2018-04-22 06:46:54', '2018-04-22 06:46:54'),
	(178, 50, 'Emilio Ebert MD', 'Qui quod dolore reprehenderit nihil inventore soluta beatae. Laboriosam eos quia fuga magnam labore. Soluta voluptatem possimus asperiores praesentium provident ab vel.', 3, '2018-04-22 06:46:54', '2018-04-22 06:46:54'),
	(179, 22, 'Carlotta Ernser', 'Rerum et est nobis iure. Id iure ut corporis numquam. Qui quas sequi natus exercitationem nobis rerum doloremque.', 2, '2018-04-22 06:46:54', '2018-04-22 06:46:54'),
	(180, 12, 'Prof. Evangeline Paucek', 'Voluptatem id aliquam nam voluptatem voluptatem earum facilis. Corrupti illum eos doloribus iure. Numquam voluptatem totam culpa.', 4, '2018-04-22 06:46:54', '2018-04-22 06:46:54'),
	(181, 7, 'Valerie Howell', 'Enim earum laboriosam id facere delectus eos odio. Blanditiis voluptates distinctio dolor dolore. Harum nihil ab enim nisi. Dolor dolorum assumenda itaque omnis.', 1, '2018-04-22 06:46:54', '2018-04-22 06:46:54'),
	(182, 50, 'Fern Ernser', 'Dolores dolor neque illum nemo ea explicabo. Non vitae est quia placeat corporis. Quis quas sed repellendus quo eum unde. Repellendus nisi quidem id et maxime voluptatibus qui. Natus aut ea et suscipit iusto.', 3, '2018-04-22 06:46:54', '2018-04-22 06:46:54'),
	(183, 48, 'Daren Emard', 'Fuga aut reprehenderit est esse ab nisi. Optio et qui ullam sed. Aut consequatur unde illum.', 0, '2018-04-22 06:46:54', '2018-04-22 06:46:54'),
	(184, 2, 'Casimir Nolan', 'Dolor esse earum odio numquam quia. Cum consequatur sint nemo cum veniam rerum et fuga. Quis error ut quia ducimus excepturi molestias.', 3, '2018-04-22 06:46:54', '2018-04-22 06:46:54'),
	(185, 20, 'Stanton DuBuque', 'Nihil quod rerum quia quas voluptates sed necessitatibus. Aut velit eius consequatur praesentium. Omnis tempore nisi consequatur aliquid quod ullam aliquid.', 4, '2018-04-22 06:46:54', '2018-04-22 06:46:54'),
	(186, 40, 'Reba Gulgowski', 'Eos autem aut est at distinctio. Ipsum sequi porro quo id ut odio. A impedit labore voluptatum natus ipsum iste repellat.', 2, '2018-04-22 06:46:54', '2018-04-22 06:46:54'),
	(187, 25, 'Prof. Marcel Bernhard II', 'Cupiditate officia molestias et ut rem enim fugiat. Quos nihil ipsum et aspernatur.', 2, '2018-04-22 06:46:54', '2018-04-22 06:46:54'),
	(188, 16, 'Dr. Carmine Schmidt', 'Omnis aut et doloribus consectetur perspiciatis. Rerum hic ex voluptatem beatae vel. Sit accusantium magni dolores voluptas eius sint numquam minus.', 5, '2018-04-22 06:46:54', '2018-04-22 06:46:54'),
	(189, 31, 'Elda Skiles', 'Iusto ducimus qui impedit similique et. Dolorem est reprehenderit adipisci est consequatur nobis. Et delectus beatae voluptatem nihil voluptatibus. Pariatur aut quia nemo nihil.', 2, '2018-04-22 06:46:54', '2018-04-22 06:46:54'),
	(190, 23, 'Rene Kunde Jr.', 'Eum est corporis vero voluptatem laudantium fugit pariatur. Consequatur eveniet repellendus porro sunt cum ipsa. Odit commodi voluptas similique voluptatem optio doloremque et. Expedita et at voluptatem vel quibusdam rerum.', 3, '2018-04-22 06:46:54', '2018-04-22 06:46:54'),
	(191, 1, 'Antonio Jakubowski', 'Cupiditate voluptatem repellendus sequi qui. Voluptas nemo vitae quas eum totam nulla fugiat. Nihil impedit qui atque qui deserunt.', 4, '2018-04-22 06:46:54', '2018-04-22 06:46:54'),
	(192, 1, 'Dexter Rutherford', 'Omnis quia voluptatibus dignissimos sint qui. Cupiditate quia et dolores ipsum non molestiae. Sint quia exercitationem autem animi culpa officiis dolor ipsum. Autem aut quidem est est.', 4, '2018-04-22 06:46:54', '2018-04-22 06:46:54'),
	(193, 19, 'Winfield Botsford', 'Qui quisquam ut facere. Deleniti inventore commodi magnam nemo quisquam sequi ducimus. Laboriosam doloribus odit repudiandae.', 2, '2018-04-22 06:46:54', '2018-04-22 06:46:54'),
	(194, 11, 'Dasia Krajcik', 'Autem cupiditate autem praesentium delectus possimus adipisci. Nisi laboriosam velit provident quia. Voluptatem hic officiis assumenda ex iusto et. Voluptas non omnis nesciunt nam nulla rem ea.', 5, '2018-04-22 06:46:54', '2018-04-22 06:46:54'),
	(195, 43, 'Andreane Reilly', 'Explicabo nihil autem quis dignissimos eveniet atque. Ab soluta ipsa sapiente maxime. Nihil consequuntur et amet labore corrupti fuga fugiat.', 4, '2018-04-22 06:46:54', '2018-04-22 06:46:54'),
	(196, 7, 'Alek Wiza', 'Consequatur cupiditate asperiores excepturi minus molestiae enim id. Sed qui et est eum. Distinctio sed eos impedit.', 3, '2018-04-22 06:46:54', '2018-04-22 06:46:54'),
	(197, 38, 'Kiara Beatty Jr.', 'In est tempora consequatur expedita rem aspernatur. Commodi explicabo perspiciatis incidunt dolor. Cumque atque libero ipsa. Omnis recusandae vero iste commodi.', 4, '2018-04-22 06:46:54', '2018-04-22 06:46:54'),
	(198, 47, 'Erica Bailey', 'Nobis autem et voluptatem. Iste ut voluptatum error nulla commodi. Cum quia veniam odit et omnis eos aut.', 2, '2018-04-22 06:46:54', '2018-04-22 06:46:54'),
	(199, 35, 'Delphine Leuschke', 'Ea ut deserunt a dolorem voluptas rerum. Distinctio cum eos est est est sunt pariatur. Et quia maiores ipsum animi. Dolore totam commodi minus aut nihil maiores.', 4, '2018-04-22 06:46:54', '2018-04-22 06:46:54'),
	(200, 25, 'Vicky McLaughlin', 'Libero id aperiam ratione eum sequi. Doloremque et quas voluptatum quos voluptates ut ipsum. Quas qui dolor rerum sequi rerum odit neque. Quam facilis minima dicta est. Et ab commodi quae et.', 4, '2018-04-22 06:46:54', '2018-04-22 06:46:54'),
	(201, 45, 'Emilio Koelpin', 'Accusamus repellat neque qui impedit veritatis est corporis non. Facere numquam earum sed dignissimos vel excepturi. Dolorem odit voluptatem sint molestiae dolorem occaecati rerum.', 2, '2018-04-22 06:46:54', '2018-04-22 06:46:54'),
	(202, 48, 'Mrs. Laisha Kub', 'Vitae accusantium est officia in quis sunt et animi. Sed dolor enim nam ad. Laboriosam qui sed ducimus veniam voluptas consequatur est doloribus.', 0, '2018-04-22 06:46:54', '2018-04-22 06:46:54'),
	(203, 30, 'Dr. Adam Sawayn Jr.', 'Sit et et repellat est incidunt illo. Enim inventore harum qui dolores deserunt. Ipsum veniam ea quam. Nemo porro perferendis excepturi et non nihil dolor molestiae.', 0, '2018-04-22 06:46:54', '2018-04-22 06:46:54'),
	(204, 44, 'Dr. Laney Wisoky II', 'Et itaque velit a sit nam consequuntur voluptatem id. Eum voluptatibus sunt voluptatem quos. Pariatur ea quibusdam sit saepe veniam illo consequuntur.', 5, '2018-04-22 06:46:54', '2018-04-22 06:46:54'),
	(205, 27, 'Gus Quitzon', 'Quaerat adipisci dolor eum enim. Quis dolorem molestiae voluptas in. Voluptas quia ut iste corporis ut vel aut. Et est ut autem sunt.', 1, '2018-04-22 06:46:54', '2018-04-22 06:46:54'),
	(206, 31, 'Miss Ona Vandervort', 'Laboriosam dolorem non sit autem. Quia debitis ut et odio dolorem eos laudantium. Ea consequatur consequatur facere.', 3, '2018-04-22 06:46:54', '2018-04-22 06:46:54'),
	(207, 30, 'Ophelia Trantow', 'Non hic cumque assumenda. Ut eum animi nulla fugiat qui itaque amet. Fuga quasi porro tempore in. Autem officia est eum voluptatibus. Voluptas ut maiores sunt.', 0, '2018-04-22 06:46:54', '2018-04-22 06:46:54'),
	(208, 46, 'Eryn Wintheiser', 'Voluptas aperiam neque repellat dicta voluptatem laudantium. Tempore eum voluptatibus dolorem qui explicabo. Et delectus est perspiciatis minima voluptatibus.', 4, '2018-04-22 06:46:54', '2018-04-22 06:46:54'),
	(209, 24, 'Stuart Ward MD', 'Soluta qui aperiam facere aperiam ab. Cumque sunt autem quis qui delectus praesentium distinctio. Consequatur et tempora porro ipsum excepturi sint. Voluptas soluta doloremque dolores. Rerum qui unde omnis rerum.', 2, '2018-04-22 06:46:54', '2018-04-22 06:46:54'),
	(210, 38, 'Ms. Maximillia Schultz DVM', 'Voluptates aut enim neque nisi dolorum. At accusamus ut voluptatem voluptas totam eum est. Reprehenderit voluptatem cum deserunt. Hic facere vero magnam rerum. Ipsa quam non qui ut sed suscipit ab aut.', 2, '2018-04-22 06:46:54', '2018-04-22 06:46:54'),
	(211, 30, 'Erna Ward', 'Sit perspiciatis quis non dolor officia quia minus voluptate. Aut aut et officia sed magnam. Voluptatibus dolorum aut minima.', 4, '2018-04-22 06:46:54', '2018-04-22 06:46:54'),
	(212, 37, 'Donavon Daugherty', 'Sit quis velit rerum a quia aut recusandae. Deserunt omnis earum delectus expedita distinctio qui. Ipsum culpa voluptatem in enim quo quibusdam commodi repellat.', 5, '2018-04-22 06:46:54', '2018-04-22 06:46:54'),
	(213, 39, 'Lulu Kuphal', 'Reiciendis dolores ullam voluptatem laboriosam. Aut ut molestiae veritatis id dolorum libero eos. In sequi officia et molestiae et ex. Aut et natus deserunt repellendus enim autem recusandae vitae.', 4, '2018-04-22 06:46:54', '2018-04-22 06:46:54'),
	(214, 48, 'Zita Cronin', 'Magni dolor inventore iste ut nobis. In error consectetur corporis fugiat veniam quia. Doloribus fuga enim et in nihil.', 1, '2018-04-22 06:46:54', '2018-04-22 06:46:54'),
	(215, 38, 'Kameron Pacocha', 'Optio enim quasi debitis architecto et et. Eveniet iure provident consectetur inventore non sunt enim. Similique mollitia eum nihil odio id optio.', 4, '2018-04-22 06:46:54', '2018-04-22 06:46:54'),
	(216, 1, 'Dr. Darrel Gorczany Sr.', 'Non adipisci possimus quas qui ab qui adipisci sed. Sapiente dolores nihil quis repudiandae. Eius quam maiores porro. Assumenda earum vitae ut temporibus tempora nisi. Doloribus veniam sint porro beatae vel sed.', 2, '2018-04-22 06:46:54', '2018-04-22 06:46:54'),
	(217, 31, 'Marcelino Kris', 'Mollitia autem rem velit unde dolorem qui optio voluptates. Odit assumenda dolor modi id. Repellat tenetur pariatur sint occaecati esse officia sit.', 4, '2018-04-22 06:46:54', '2018-04-22 06:46:54'),
	(218, 34, 'Prof. Kayla Ratke II', 'Eum reprehenderit eos optio. Consequatur eveniet iste incidunt mollitia ut doloribus sunt. Cumque error expedita a quo veniam.', 3, '2018-04-22 06:46:54', '2018-04-22 06:46:54'),
	(219, 14, 'Prof. Norwood Ernser', 'Tenetur eos vel voluptatem sit dignissimos non voluptatem. Qui quod et repudiandae reiciendis harum excepturi. Iure hic explicabo aut architecto repellendus non. Tempore fugit est neque iusto.', 0, '2018-04-22 06:46:54', '2018-04-22 06:46:54'),
	(220, 32, 'Prof. Granville Conn', 'Sint ut assumenda animi repellendus magni quia. Soluta atque dignissimos architecto quia est hic. Omnis dolorem qui delectus non commodi quia temporibus.', 5, '2018-04-22 06:46:54', '2018-04-22 06:46:54'),
	(221, 49, 'Anita Wunsch', 'Harum ipsa ut nisi ipsum voluptates reprehenderit. Rerum dolorum commodi deserunt ullam. Quia laudantium alias provident vitae delectus officiis sapiente ea. Ut ullam est ipsum necessitatibus.', 2, '2018-04-22 06:46:54', '2018-04-22 06:46:54'),
	(222, 38, 'Dr. Oswald Grant MD', 'Voluptas sit doloremque saepe eligendi qui. Odio doloremque omnis repellat consequatur. Nobis rerum rerum optio sit porro similique similique dolor. Aliquam eius necessitatibus esse. Ad rerum dolores rerum ut.', 0, '2018-04-22 06:46:54', '2018-04-22 06:46:54'),
	(223, 50, 'Adrien Hermiston', 'Quia blanditiis ullam autem inventore repellendus. Sit facere dolor quidem quas velit consequatur quis. Dolores aliquam repudiandae rerum aut suscipit et. Est dolor quia sit officia saepe.', 1, '2018-04-22 06:46:54', '2018-04-22 06:46:54'),
	(224, 30, 'Idell Fahey', 'Et praesentium adipisci consequuntur maxime velit. In sit corrupti ut laborum. Optio voluptas dolorem harum ab.', 3, '2018-04-22 06:46:54', '2018-04-22 06:46:54'),
	(225, 20, 'Tommie Quigley', 'Numquam dolorem eligendi cumque est. Voluptatem maxime dignissimos sapiente quis omnis corrupti. Sit non iure nesciunt voluptatibus vel.', 0, '2018-04-22 06:46:54', '2018-04-22 06:46:54'),
	(226, 26, 'Mauricio Gibson', 'Illo id quae odit minus et cum ut perferendis. Magnam placeat labore corporis quam occaecati adipisci officiis.', 0, '2018-04-22 06:46:54', '2018-04-22 06:46:54'),
	(227, 38, 'Candelario Collins', 'Sed adipisci sunt laboriosam natus. Optio fugiat modi rerum est et.', 2, '2018-04-22 06:46:54', '2018-04-22 06:46:54'),
	(228, 25, 'Nakia Koss', 'Ea ipsum animi nulla ipsum quia nostrum consequatur possimus. Totam necessitatibus culpa explicabo quis illo et. Minima laboriosam vel quasi aut iure error nisi.', 0, '2018-04-22 06:46:54', '2018-04-22 06:46:54'),
	(229, 45, 'Will Corwin', 'Exercitationem deleniti debitis iure architecto quo. Quo quibusdam possimus consequatur ut. Blanditiis doloribus ut dolor rerum blanditiis consequatur ullam. Nostrum impedit ullam dolorem.', 2, '2018-04-22 06:46:54', '2018-04-22 06:46:54'),
	(230, 35, 'Fred Koch', 'Voluptatem maxime qui esse dolorem cupiditate ducimus. Id fugit provident qui similique harum iste vel. Laboriosam nesciunt est esse qui repudiandae ut ut fugit. Facere optio dolores ea saepe qui molestiae.', 2, '2018-04-22 06:46:55', '2018-04-22 06:46:55'),
	(231, 16, 'Rigoberto Koch Sr.', 'Perferendis laborum libero maxime magnam corrupti eos. Necessitatibus omnis officiis explicabo et asperiores voluptas. Totam occaecati voluptates aut ut autem aut eveniet. Reprehenderit molestiae facere odio odit ab debitis.', 1, '2018-04-22 06:46:55', '2018-04-22 06:46:55'),
	(232, 30, 'Mrs. Kamille Shanahan PhD', 'Est cupiditate rem quia ut praesentium. Rerum tempora minima vero provident soluta sed. Veniam aut voluptatum eveniet ut aut magnam.', 1, '2018-04-22 06:46:55', '2018-04-22 06:46:55'),
	(233, 41, 'Angelica Bode', 'Officia quod fuga ratione labore consequatur tempore. Quidem ipsum at rerum rerum id magni. Eum sunt unde voluptates ea tempore voluptates qui.', 2, '2018-04-22 06:46:55', '2018-04-22 06:46:55'),
	(234, 49, 'Cortez Strosin', 'Odio fuga consequatur iste rerum omnis aliquid nemo. Possimus est et ut dolores rerum itaque. Est nemo voluptatibus molestias exercitationem iure nihil dolores. Beatae repellat quia laborum eaque.', 3, '2018-04-22 06:46:55', '2018-04-22 06:46:55'),
	(236, 19, 'Miles Herzog', 'Ut nesciunt temporibus natus perferendis. Autem vel soluta illo iure alias.', 5, '2018-04-22 06:46:55', '2018-04-22 06:46:55'),
	(237, 15, 'Mariam Spinka', 'Quidem quia dolores id rerum veniam accusamus repellat. Dolorem cumque omnis officia nostrum. Labore et placeat nemo qui aut.', 3, '2018-04-22 06:46:55', '2018-04-22 06:46:55'),
	(238, 20, 'Sandra Champlin', 'Ducimus quia soluta dolorem ipsum. Rerum omnis dolore quisquam quas unde dolor nostrum. Qui ipsam cumque eum et.', 5, '2018-04-22 06:46:55', '2018-04-22 06:46:55'),
	(239, 2, 'Miss Vivianne Mertz MD', 'Asperiores impedit ducimus aut sint quas in. Id aut dolorem asperiores asperiores explicabo. Esse eligendi architecto dolorum autem id. Hic consectetur est commodi minima quod omnis voluptatem.', 1, '2018-04-22 06:46:55', '2018-04-22 06:46:55'),
	(240, 36, 'Dr. Julio Towne IV', 'Atque error in ab reiciendis iure. Corrupti accusantium enim optio provident. Non veritatis similique praesentium et cupiditate quas sunt.', 3, '2018-04-22 06:46:55', '2018-04-22 06:46:55'),
	(241, 50, 'Joanne Schuster', 'Voluptatum voluptatem rerum quia facere deserunt omnis. Molestiae fuga officiis quas facere. Asperiores ut iusto aut aspernatur aut vel. Aut totam ut molestiae doloremque perferendis illo.', 3, '2018-04-22 06:46:55', '2018-04-22 06:46:55'),
	(242, 27, 'Nola Willms', 'Aut impedit assumenda ratione est et. Corporis eligendi et vel occaecati. Perferendis sit sint ullam quas animi tempore maxime. Laboriosam sed et tenetur quidem in quae voluptates dolores.', 2, '2018-04-22 06:46:55', '2018-04-22 06:46:55'),
	(243, 10, 'Johnny Wilkinson', 'Autem perspiciatis saepe porro architecto reiciendis vitae sunt. Id itaque ipsum iure qui beatae. Nobis omnis expedita totam hic ab ea ad. Est voluptates eius corporis asperiores culpa et. Architecto sint et nam quis et.', 5, '2018-04-22 06:46:55', '2018-04-22 06:46:55'),
	(244, 36, 'Dora Grant', 'Eligendi non iste eum quibusdam illum libero. Ipsa occaecati eum et eum ab corporis. Quibusdam ut possimus molestiae quam. Error provident vel voluptatem eos.', 4, '2018-04-22 06:46:55', '2018-04-22 06:46:55'),
	(245, 46, 'Alisa Durgan', 'Ut libero reiciendis assumenda sed odit. Repellendus eligendi fugiat qui praesentium sequi voluptatem. Nemo repellat unde et iste. Dignissimos quidem consequatur consequatur enim est.', 3, '2018-04-22 06:46:55', '2018-04-22 06:46:55'),
	(246, 17, 'Meghan Spencer', 'Quibusdam aliquid est odio sint sint rerum. Ut qui enim ut fugit facilis et. Repudiandae eligendi eos quia voluptates provident voluptatem et.', 5, '2018-04-22 06:46:55', '2018-04-22 06:46:55'),
	(247, 30, 'Tabitha Kub', 'Numquam ut sint eveniet voluptatibus asperiores cum. Itaque placeat ut reprehenderit quia ea laudantium. Est ex reiciendis dolorem at possimus.', 0, '2018-04-22 06:46:55', '2018-04-22 06:46:55'),
	(248, 48, 'Darrel Kiehn', 'Quod nam voluptatem consequatur. Quo in omnis ipsum et. Autem voluptatibus atque et et explicabo illum vero corrupti. Quas incidunt architecto sit laudantium omnis.', 2, '2018-04-22 06:46:55', '2018-04-22 06:46:55'),
	(249, 8, 'Cheyanne Schiller', 'Cumque doloremque expedita dolores ut deserunt sequi. Omnis consequatur eum quo qui repellat nulla. In adipisci deleniti voluptatem quas.', 1, '2018-04-22 06:46:55', '2018-04-22 06:46:55'),
	(250, 49, 'Guadalupe Koss I', 'Sint voluptatem rerum est itaque aut. Architecto est commodi non quia quae numquam fugit. Ut dolorem repudiandae qui hic aut. Eligendi autem voluptate illo. Dolorum et omnis unde non non vitae et.', 4, '2018-04-22 06:46:55', '2018-04-22 06:46:55'),
	(251, 6, 'Kayla Osinski', 'Quo sunt quia optio aliquid sint voluptatem laudantium. Esse vel repellat iusto ullam dignissimos corporis. Similique vel earum eligendi quas aut.', 3, '2018-04-22 06:46:55', '2018-04-22 06:46:55'),
	(252, 2, 'Yazmin Collins', 'Laborum eveniet nulla sit sit. Veritatis quasi dolorem sit odit. Maiores ut a sit. Vero sed maxime debitis occaecati consectetur. Tenetur et adipisci at ut quasi necessitatibus.', 5, '2018-04-22 06:46:55', '2018-04-22 06:46:55'),
	(253, 44, 'Prof. Dylan Buckridge II', 'Rem at nostrum ut provident incidunt. Eos molestias et ut. Corrupti optio assumenda non voluptate magnam atque.', 1, '2018-04-22 06:46:55', '2018-04-22 06:46:55'),
	(254, 3, 'Prof. Bailey White', 'Quasi nesciunt deserunt sint. Eaque est qui consequatur est rerum. Eaque id distinctio quia modi eveniet. Repellendus repellat quibusdam repellat. Eum est ea quia aut eaque eos suscipit.', 2, '2018-04-22 06:46:55', '2018-04-22 06:46:55'),
	(255, 30, 'Maxie Herzog', 'Commodi esse debitis sunt aut. Vel ea aspernatur dolor a quo aspernatur reiciendis. Non sunt officiis quidem sunt magni.', 4, '2018-04-22 06:46:55', '2018-04-22 06:46:55'),
	(256, 30, 'Maybelle VonRueden', 'Voluptatem et non nemo est aspernatur quia. Recusandae quaerat assumenda et. Odio incidunt laborum blanditiis nisi ab ullam velit. Ducimus eos deserunt est voluptas vel.', 3, '2018-04-22 06:46:55', '2018-04-22 06:46:55'),
	(257, 21, 'Sadye Lind', 'Odit nemo quam eaque qui sit et. Nesciunt in magnam tempore ratione quibusdam delectus. Aut perspiciatis enim dolorem unde deleniti magni.', 5, '2018-04-22 06:46:55', '2018-04-22 06:46:55'),
	(258, 31, 'Antonina Fritsch', 'Delectus quas voluptatibus consectetur et et mollitia iure. Odio laborum dolorem inventore corrupti voluptatem quia occaecati. Non odit dolores dolor molestias laborum et. Et nemo aliquid iusto sunt.', 4, '2018-04-22 06:46:55', '2018-04-22 06:46:55'),
	(259, 20, 'Adrienne Block Jr.', 'Facilis et veritatis maxime recusandae ipsam atque eius. Laudantium nulla dolor a et. Nobis praesentium optio blanditiis.', 2, '2018-04-22 06:46:55', '2018-04-22 06:46:55'),
	(260, 28, 'Deion Rohan', 'Iure provident natus sequi ipsam voluptatem voluptatem porro est. Commodi doloremque vitae qui. Temporibus fugit fugit natus nostrum assumenda. Culpa aliquid aspernatur quis est hic.', 0, '2018-04-22 06:46:55', '2018-04-22 06:46:55'),
	(261, 27, 'Cecil Sipes', 'Eius explicabo ut consequatur. Consequuntur saepe officia repellendus. Non eum odit quo eveniet vero. Est cupiditate ut eaque omnis dolorem debitis est. Possimus temporibus ab sint quo labore magnam vitae.', 4, '2018-04-22 06:46:55', '2018-04-22 06:46:55'),
	(262, 38, 'Dr. Keely Hamill I', 'Quas molestias quis perferendis mollitia dolores dolorem dolores. Nulla animi deserunt magnam sapiente dolorem enim. Illum alias inventore facilis et aut.', 3, '2018-04-22 06:46:55', '2018-04-22 06:46:55'),
	(263, 12, 'Prof. Ryann Pagac MD', 'Et suscipit asperiores dolor reprehenderit quas excepturi labore vero. Nesciunt cumque voluptas beatae velit dolor. Est modi vel est velit.', 2, '2018-04-22 06:46:55', '2018-04-22 06:46:55'),
	(264, 27, 'Abel Kub', 'Dignissimos et natus aut. Assumenda in qui provident dolor non est unde. Alias adipisci dignissimos vitae. Voluptas et dolores perspiciatis dolor.', 1, '2018-04-22 06:46:55', '2018-04-22 06:46:55'),
	(265, 14, 'Quinton Purdy MD', 'Autem asperiores aut voluptatem est molestias. Quidem rerum quia quas repellendus odit. Voluptate incidunt suscipit error delectus veniam illum. Sunt minus ipsa error in est.', 3, '2018-04-22 06:46:55', '2018-04-22 06:46:55'),
	(266, 42, 'Lorenza Ritchie', 'Officiis suscipit voluptatibus labore sed. Itaque amet autem est reprehenderit est aliquam qui. Repudiandae voluptates incidunt et quo.', 3, '2018-04-22 06:46:55', '2018-04-22 06:46:55'),
	(267, 38, 'Justine Kuphal', 'A et ut magnam quis ad dolore dolorum. Sint voluptate possimus nemo id. Ut consectetur rerum quibusdam illum dicta.', 2, '2018-04-22 06:46:55', '2018-04-22 06:46:55'),
	(268, 36, 'Cletus VonRueden', 'Deserunt iure quia assumenda fuga molestiae. Asperiores at rem asperiores ut. Maiores placeat explicabo provident ut.', 5, '2018-04-22 06:46:55', '2018-04-22 06:46:55'),
	(269, 1, 'Mozell Schmitt', 'Laboriosam fugiat nihil id accusantium suscipit. Dolor animi alias odio dolorum hic quisquam dolorem asperiores. Qui et qui totam libero voluptatum odit aut.', 2, '2018-04-22 06:46:55', '2018-04-22 06:46:55'),
	(270, 35, 'Ms. Yazmin Stiedemann', 'In eius et omnis est dolor dolorem. Quibusdam qui qui ut laboriosam debitis eius qui. Nemo provident aut optio amet. Expedita ipsum numquam atque officiis assumenda.', 5, '2018-04-22 06:46:55', '2018-04-22 06:46:55'),
	(271, 27, 'Clara Prohaska DVM', 'Qui debitis tempora quas corporis pariatur. Magni non minima magnam vel fuga facilis. Reprehenderit ex ut cupiditate similique accusantium ratione consectetur. Illum nisi quod eum temporibus doloremque odio.', 5, '2018-04-22 06:46:55', '2018-04-22 06:46:55'),
	(272, 44, 'Brendon Skiles', 'Quo ut ipsam ducimus atque consequuntur asperiores. Eligendi mollitia nam facilis ex autem rerum suscipit. Suscipit laboriosam exercitationem sunt illo velit est rerum quam.', 4, '2018-04-22 06:46:55', '2018-04-22 06:46:55'),
	(273, 31, 'Eda Boehm', 'Et adipisci dolorum nesciunt corrupti ut ut. Voluptatem in qui nostrum ut fugiat magni odio. Vel velit id tenetur.', 2, '2018-04-22 06:46:55', '2018-04-22 06:46:55'),
	(274, 41, 'Dr. Jeffrey Nolan', 'Distinctio libero repellat voluptas repudiandae aut. Quaerat dicta et qui explicabo voluptates. Assumenda repellat ea sapiente qui tempore.', 0, '2018-04-22 06:46:55', '2018-04-22 06:46:55'),
	(275, 21, 'Amari Crooks', 'Dolor voluptatem enim assumenda nemo nihil optio. Aut alias in voluptas consequatur quam officia sequi sunt. A blanditiis nesciunt est tempore explicabo.', 4, '2018-04-22 06:46:55', '2018-04-22 06:46:55'),
	(276, 48, 'Kaycee Batz', 'Velit sequi possimus consequatur. Doloremque voluptatem doloremque placeat quis voluptatem. Illo explicabo non expedita. Facere qui itaque ea exercitationem.', 2, '2018-04-22 06:46:55', '2018-04-22 06:46:55'),
	(277, 36, 'Prof. Ressie Wuckert', 'Officia labore esse provident sed ullam. Ut eveniet aliquam harum sed sit quam necessitatibus. Ea voluptatum enim saepe dolor architecto reprehenderit natus. Ex est porro molestias.', 4, '2018-04-22 06:46:55', '2018-04-22 06:46:55'),
	(278, 41, 'Jerald Douglas Sr.', 'Facilis pariatur voluptatem animi cum aliquam a. Consectetur consequuntur deleniti in voluptas. Et adipisci voluptatum optio quasi placeat autem voluptate.', 5, '2018-04-22 06:46:55', '2018-04-22 06:46:55'),
	(279, 15, 'Lelah Hartmann', 'Molestiae sint dolorem qui magni. Aut quas ratione modi omnis.', 5, '2018-04-22 06:46:55', '2018-04-22 06:46:55'),
	(280, 18, 'Evan Bode', 'Nisi sit eos nulla vero iure maxime. Qui cumque optio totam. Laudantium dolorem repellendus esse debitis accusantium illum tenetur similique.', 2, '2018-04-22 06:46:55', '2018-04-22 06:46:55'),
	(281, 33, 'Annette O\'Conner', 'Similique vero harum rerum non porro quibusdam commodi. Aspernatur ullam necessitatibus voluptatum optio. Quasi quo culpa magnam est temporibus sunt ducimus. Nostrum maiores dolor at ut.', 1, '2018-04-22 06:46:55', '2018-04-22 06:46:55'),
	(282, 10, 'Wilhelmine Turcotte', 'Dolor et voluptatem fuga laboriosam laudantium dolore et. Exercitationem qui reprehenderit est dicta doloribus et quaerat. Voluptate deserunt soluta quia. Eum hic ex blanditiis libero voluptatem laborum. Et quia quo unde temporibus accusamus blanditiis doloribus.', 5, '2018-04-22 06:46:55', '2018-04-22 06:46:55'),
	(283, 37, 'Sabrina Bradtke', 'Culpa reprehenderit earum necessitatibus necessitatibus molestiae. Ut necessitatibus placeat est labore ut sit illo voluptas. Ratione sit natus atque quis.', 0, '2018-04-22 06:46:55', '2018-04-22 06:46:55'),
	(284, 26, 'Jakayla Kirlin', 'Iusto neque qui officiis facere totam cupiditate ullam. Asperiores sint quia porro quia velit aut. Ullam eveniet eius voluptatem reiciendis quisquam animi. Explicabo incidunt ratione quaerat molestiae molestias.', 2, '2018-04-22 06:46:55', '2018-04-22 06:46:55'),
	(285, 35, 'Austin Beer Sr.', 'Soluta qui at doloribus mollitia reiciendis consectetur. Nulla ea ipsam dicta earum magni aut ut. Doloremque dicta qui provident architecto nihil.', 2, '2018-04-22 06:46:55', '2018-04-22 06:46:55'),
	(286, 12, 'Mrs. Thelma Goyette', 'Quisquam doloribus et voluptatem. Eum vel qui ducimus. Quos magni sed esse fuga aut nulla. Fugit alias dolores nesciunt ea voluptas fugit asperiores. Ut aut sint harum et aut rerum.', 4, '2018-04-22 06:46:55', '2018-04-22 06:46:55'),
	(287, 14, 'Dr. Tate Kunze', 'Harum sapiente quia dicta. Porro accusamus ea praesentium. Earum iusto aliquid tempora.', 1, '2018-04-22 06:46:55', '2018-04-22 06:46:55'),
	(288, 37, 'Alana Boyle', 'Tempora optio alias doloribus blanditiis optio. Quia beatae dolores ut eius eum cum. Excepturi et quia ut sunt deleniti excepturi repudiandae. Facere sint dolores earum repellat soluta voluptatem rerum.', 1, '2018-04-22 06:46:55', '2018-04-22 06:46:55'),
	(289, 15, 'Mr. Cristian Stoltenberg Sr.', 'Quia aut non ad ea nesciunt quas. Esse explicabo doloribus ullam distinctio rem cum necessitatibus perferendis. Itaque aliquid aperiam quia. Veritatis dolor culpa quidem dolor.', 4, '2018-04-22 06:46:55', '2018-04-22 06:46:55'),
	(290, 17, 'Augustine Fadel', 'Ipsum qui asperiores vero animi. Doloribus et ducimus et explicabo blanditiis. Voluptatem est aut quibusdam. Vitae mollitia deleniti debitis sequi debitis tempora laborum a.', 3, '2018-04-22 06:46:55', '2018-04-22 06:46:55'),
	(291, 27, 'Elissa Barrows', 'Sapiente veniam molestias consequatur sunt non. Officiis vel et magni quis. Nobis hic consequuntur ipsam porro. Ut velit perferendis tenetur voluptates.', 4, '2018-04-22 06:46:55', '2018-04-22 06:46:55'),
	(292, 24, 'Candida Becker', 'Quasi et consequatur impedit placeat. Accusantium expedita ut mollitia optio odit odio necessitatibus consectetur. Excepturi saepe eum repellendus sapiente. Velit et repellat consequatur minima vero et magni.', 5, '2018-04-22 06:46:55', '2018-04-22 06:46:55'),
	(293, 6, 'Natalia Cummerata', 'Natus explicabo sunt qui enim. Ab ea aliquid dolorem tempore et qui eaque. Eaque dolor doloremque laborum illum nemo.', 0, '2018-04-22 06:46:55', '2018-04-22 06:46:55'),
	(294, 19, 'Ms. Breanna Schroeder DVM', 'Tempora enim nihil nihil distinctio voluptas sed tenetur eius. Eveniet voluptatibus quia a dignissimos tenetur. Quos vero sit adipisci architecto.', 3, '2018-04-22 06:46:55', '2018-04-22 06:46:55'),
	(295, 36, 'Mrs. Danyka Hegmann Jr.', 'Voluptatum eum quis voluptas sit assumenda suscipit est commodi. Inventore veritatis qui autem harum cupiditate nobis. Non sit quo eos laudantium sit architecto magni. Voluptas voluptates qui nulla est maiores consequatur impedit. Reiciendis delectus aspernatur adipisci temporibus aspernatur aut numquam.', 2, '2018-04-22 06:46:55', '2018-04-22 06:46:55'),
	(296, 15, 'Kieran Beahan', 'Quo fuga officiis et nulla architecto et sapiente. Officia minima delectus voluptatem architecto nam exercitationem. Dolorem et veniam in mollitia enim.', 2, '2018-04-22 06:46:55', '2018-04-22 06:46:55'),
	(297, 50, 'Prof. Willie Lowe', 'Inventore minima et veritatis facere. Est quibusdam quo aut ullam labore.', 4, '2018-04-22 06:46:55', '2018-04-22 06:46:55'),
	(298, 44, 'Barney Durgan', 'Eaque asperiores dolorem et autem possimus quia. Deserunt non at sint aut et doloribus modi accusantium. Dolore beatae at illo repudiandae aspernatur labore expedita.', 2, '2018-04-22 06:46:55', '2018-04-22 06:46:55'),
	(299, 31, 'Prof. Stanton Brown', 'Corporis sit voluptatem voluptatem dolores. Est debitis est iusto eos fugiat facilis eum. Excepturi aut ratione ducimus commodi iste. Aut in nemo et molestias.', 5, '2018-04-22 06:46:55', '2018-04-22 06:46:55'),
	(300, 31, 'Erwin Strosin', 'Mollitia natus velit harum quia voluptatem qui suscipit. Ullam sit placeat molestias qui. Quia autem eos omnis ut pariatur. Aliquid dolores aliquam suscipit iure consequatur minima reiciendis veritatis.', 1, '2018-04-22 06:46:55', '2018-04-22 06:46:55');
/*!40000 ALTER TABLE `reviews` ENABLE KEYS */;

-- Dumping structure for table LaravelECommerceRestfulAPI_db.users
CREATE TABLE IF NOT EXISTS `users` (
  `id` int(10) unsigned NOT NULL AUTO_INCREMENT,
  `name` varchar(191) COLLATE utf8mb4_unicode_ci NOT NULL,
  `email` varchar(191) COLLATE utf8mb4_unicode_ci NOT NULL,
  `password` varchar(191) COLLATE utf8mb4_unicode_ci NOT NULL,
  `remember_token` varchar(100) COLLATE utf8mb4_unicode_ci DEFAULT NULL,
  `created_at` timestamp NULL DEFAULT NULL,
  `updated_at` timestamp NULL DEFAULT NULL,
  PRIMARY KEY (`id`),
  UNIQUE KEY `users_email_unique` (`email`)
) ENGINE=InnoDB AUTO_INCREMENT=6 DEFAULT CHARSET=utf8mb4 COLLATE=utf8mb4_unicode_ci;

-- Dumping data for table LaravelECommerceRestfulAPI_db.users: ~5 rows (approximately)
/*!40000 ALTER TABLE `users` DISABLE KEYS */;
INSERT INTO `users` (`id`, `name`, `email`, `password`, `remember_token`, `created_at`, `updated_at`) VALUES
	(1, 'Prof. Frederik Kshlerin DDS', 'elegros@example.org', '$2y$10$TKh8H1.PfQx37YgCzwiKb.KjNyWgaHb9cbcoQgdIVFlYg7B77UdFm', '2Z9byiOCaO', '2018-04-22 06:46:53', '2018-04-22 06:46:53'),
	(2, 'Wallace Hane III', 'piper.bosco@example.net', '$2y$10$TKh8H1.PfQx37YgCzwiKb.KjNyWgaHb9cbcoQgdIVFlYg7B77UdFm', 'yNiscGZIEe', '2018-04-22 06:46:53', '2018-04-22 06:46:53'),
	(3, 'Darren Ruecker', 'juanita38@example.net', '$2y$10$TKh8H1.PfQx37YgCzwiKb.KjNyWgaHb9cbcoQgdIVFlYg7B77UdFm', 'Vzwt4Nene9', '2018-04-22 06:46:53', '2018-04-22 06:46:53'),
	(4, 'Mr. Camren Heller', 'bergnaum.effie@example.org', '$2y$10$TKh8H1.PfQx37YgCzwiKb.KjNyWgaHb9cbcoQgdIVFlYg7B77UdFm', 'j30DGMI4qp', '2018-04-22 06:46:53', '2018-04-22 06:46:53'),
	(5, 'Toby Lemke I', 'mgoodwin@example.net', '$2y$10$TKh8H1.PfQx37YgCzwiKb.KjNyWgaHb9cbcoQgdIVFlYg7B77UdFm', 'tCkHyt6WpZ', '2018-04-22 06:46:53', '2018-04-22 06:46:53');
/*!40000 ALTER TABLE `users` ENABLE KEYS */;

/*!40101 SET SQL_MODE=IFNULL(@OLD_SQL_MODE, '') */;
/*!40014 SET FOREIGN_KEY_CHECKS=IF(@OLD_FOREIGN_KEY_CHECKS IS NULL, 1, @OLD_FOREIGN_KEY_CHECKS) */;
/*!40101 SET CHARACTER_SET_CLIENT=@OLD_CHARACTER_SET_CLIENT */;
